,Entity,Code,Year,Wind Capacity (GWp)
0,Africa,,1997,0.006
1,Africa,,1998,0.01
2,Africa,,1999,0.064
3,Africa,,2000,0.13905
4,Africa,,2001,0.13905
5,Africa,,2002,0.14431
6,Africa,,2003,0.15361
7,Africa,,2004,0.23613
8,Africa,,2005,0.2402
9,Africa,,2006,0.327925
10,Africa,,2007,0.47012
11,Africa,,2008,0.55532
12,Africa,,2009,0.74237
13,Africa,,2010,0.864797
14,Africa,,2011,0.995002
15,Africa,,2012,1.127604
16,Africa,,2013,1.741834
17,Africa,,2014,2.399398
18,Africa,,2015,3.320268
19,Africa,,2016,3.826414
20,Africa,,2017,4.5792627
21,Africa,,2018,5.4715527
22,Africa,,2019,5.528753
23,Africa,,2020,6.4846533
24,Africa,,2021,7.334153000000001
25,Africa (BP),,1997,0.006
26,Africa (BP),,1998,0.01
27,Africa (BP),,1999,0.064
28,Africa (BP),,2000,0.13905
29,Africa (BP),,2001,0.13905
30,Africa (BP),,2002,0.14431
31,Africa (BP),,2003,0.15361
32,Africa (BP),,2004,0.23613
33,Africa (BP),,2005,0.2402
34,Africa (BP),,2006,0.327925
35,Africa (BP),,2007,0.47012
36,Africa (BP),,2008,0.55532
37,Africa (BP),,2009,0.74237
38,Africa (BP),,2010,0.864797
39,Africa (BP),,2011,0.995002
40,Africa (BP),,2012,1.127604
41,Africa (BP),,2013,1.741834
42,Africa (BP),,2014,2.399398
43,Africa (BP),,2015,3.320268
44,Africa (BP),,2016,3.826414
45,Africa (BP),,2017,4.579263
46,Africa (BP),,2018,5.471553
47,Africa (BP),,2019,5.528753
48,Africa (BP),,2020,6.484653000000001
49,Africa (BP),,2021,7.334153000000001
50,Argentina,ARG,1997,0.009
51,Argentina,ARG,1998,0.014
52,Argentina,ARG,1999,0.014
53,Argentina,ARG,2000,0.014112
54,Argentina,ARG,2001,0.024829
55,Argentina,ARG,2002,0.0257979999999999
56,Argentina,ARG,2003,0.025729
57,Argentina,ARG,2004,0.027829
58,Argentina,ARG,2005,0.027829
59,Argentina,ARG,2006,0.027829
60,Argentina,ARG,2007,0.027829
61,Argentina,ARG,2008,0.027829
62,Argentina,ARG,2009,0.027829
63,Argentina,ARG,2010,0.027829
64,Argentina,ARG,2011,0.059579
65,Argentina,ARG,2012,0.136979
66,Argentina,ARG,2013,0.189979
67,Argentina,ARG,2014,0.215187
68,Argentina,ARG,2015,0.187104
69,Argentina,ARG,2016,0.187442
70,Argentina,ARG,2017,0.226742
71,Argentina,ARG,2018,0.750342
72,Argentina,ARG,2019,1.609359
73,Argentina,ARG,2020,2.623904
74,Argentina,ARG,2021,3.292124
75,Asia,,1997,1.127
76,Asia,,1998,1.246
77,Asia,,1999,1.395
78,Asia,,2000,1.41426
79,Asia,,2001,2.176557
80,Asia,,2002,2.402797
81,Asia,,2003,3.601465
82,Asia,,2004,5.46147
83,Asia,,2005,6.972510000000001
84,Asia,,2006,10.653403
85,Asia,,2007,14.256196
86,Asia,,2008,21.47542
87,Asia,,2009,32.258021
88,Asia,,2010,47.56460500000001
89,Asia,,2011,67.92041
90,Asia,,2012,85.24638
91,Asia,,2013,102.48747
92,Asia,,2014,128.19758000000002
93,Asia,,2015,166.67778
94,Asia,,2016,190.49298
95,Asia,,2017,212.19056
96,Asia,,2018,236.92172
97,Asia,,2019,266.26897
98,Asia,,2020,342.29275
99,Asia,,2021,397.26875
100,Asia Pacific (BP),,1997,1.117075
101,Asia Pacific (BP),,1998,1.242075
102,Asia Pacific (BP),,1999,1.4227550000000002
103,Asia Pacific (BP),,2000,1.4516099999999998
104,Asia Pacific (BP),,2001,2.256557
105,Asia Pacific (BP),,2002,2.523297
106,Asia Pacific (BP),,2003,3.819965
107,Asia Pacific (BP),,2004,5.95347
108,Asia Pacific (BP),,2005,7.81341
109,Asia Pacific (BP),,2006,11.526303
110,Asia Pacific (BP),,2007,15.606296
111,Asia Pacific (BP),,2008,22.800846000000003
112,Asia Pacific (BP),,2009,33.560445
113,Asia Pacific (BP),,2010,48.525027
114,Asia Pacific (BP),,2011,68.830516
115,Asia Pacific (BP),,2012,86.04557000000001
116,Asia Pacific (BP),,2013,103.43621
117,Asia Pacific (BP),,2014,128.8175
118,Asia Pacific (BP),,2015,166.6568
119,Asia Pacific (BP),,2016,189.15586
120,Asia Pacific (BP),,2017,210.45847
121,Asia Pacific (BP),,2018,235.15805
122,Asia Pacific (BP),,2019,264.40815999999995
123,Asia Pacific (BP),,2020,341.2591
124,Asia Pacific (BP),,2021,394.1504000000001
125,Australia,AUS,1997,0.004
126,Australia,AUS,1998,0.01
127,Australia,AUS,1999,0.01
128,Australia,AUS,2000,0.033
129,Australia,AUS,2001,0.076
130,Australia,AUS,2002,0.106
131,Australia,AUS,2003,0.19
132,Australia,AUS,2004,0.379
133,Australia,AUS,2005,0.74
134,Australia,AUS,2006,0.8190000000000001
135,Australia,AUS,2007,1.249
136,Australia,AUS,2008,1.441
137,Australia,AUS,2009,1.703
138,Australia,AUS,2010,1.864
139,Australia,AUS,2011,2.127
140,Australia,AUS,2012,2.561
141,Australia,AUS,2013,3.221
142,Australia,AUS,2014,3.797
143,Australia,AUS,2015,4.181
144,Australia,AUS,2016,4.324
145,Australia,AUS,2017,4.812
146,Australia,AUS,2018,5.442
147,Australia,AUS,2019,6.279
148,Australia,AUS,2020,8.603
149,Australia,AUS,2021,8.9506
150,Austria,AUT,1997,0.02
151,Austria,AUT,1998,0.03
152,Austria,AUT,1999,0.042
153,Austria,AUT,2000,0.05
154,Austria,AUT,2001,0.067
155,Austria,AUT,2002,0.109
156,Austria,AUT,2003,0.322
157,Austria,AUT,2004,0.581
158,Austria,AUT,2005,0.825219
159,Austria,AUT,2006,0.968269
160,Austria,AUT,2007,0.991159
161,Austria,AUT,2008,0.991974
162,Austria,AUT,2009,1.000985
163,Austria,AUT,2010,1.015828
164,Austria,AUT,2011,1.105966
165,Austria,AUT,2012,1.33715
166,Austria,AUT,2013,1.674538
167,Austria,AUT,2014,2.110275
168,Austria,AUT,2015,2.488726
169,Austria,AUT,2016,2.7299960000000003
170,Austria,AUT,2017,2.886698
171,Austria,AUT,2018,3.1327130000000003
172,Austria,AUT,2019,3.224117
173,Austria,AUT,2020,3.225985
174,Austria,AUT,2021,3.523985
175,Belgium,BEL,1997,0.009
176,Belgium,BEL,1998,0.01
177,Belgium,BEL,1999,0.011
178,Belgium,BEL,2000,0.014
179,Belgium,BEL,2001,0.026
180,Belgium,BEL,2002,0.031
181,Belgium,BEL,2003,0.067
182,Belgium,BEL,2004,0.096
183,Belgium,BEL,2005,0.167
184,Belgium,BEL,2006,0.212
185,Belgium,BEL,2007,0.276
186,Belgium,BEL,2008,0.324
187,Belgium,BEL,2009,0.608
188,Belgium,BEL,2010,0.912
189,Belgium,BEL,2011,1.069
190,Belgium,BEL,2012,1.37
191,Belgium,BEL,2013,1.78
192,Belgium,BEL,2014,1.944
193,Belgium,BEL,2015,2.176
194,Belgium,BEL,2016,2.37
195,Belgium,BEL,2017,2.7875
196,Belgium,BEL,2018,3.2679
197,Belgium,BEL,2019,3.8634
198,Belgium,BEL,2020,4.680899999999999
199,Belgium,BEL,2021,4.7796400000000006
200,Brazil,BRA,1997,0.004
201,Brazil,BRA,1998,0.019
202,Brazil,BRA,1999,0.022
203,Brazil,BRA,2000,0.022
204,Brazil,BRA,2001,0.024
205,Brazil,BRA,2002,0.022
206,Brazil,BRA,2003,0.024
207,Brazil,BRA,2004,0.024
208,Brazil,BRA,2005,0.029
209,Brazil,BRA,2006,0.237
210,Brazil,BRA,2007,0.247
211,Brazil,BRA,2008,0.398
212,Brazil,BRA,2009,0.602
213,Brazil,BRA,2010,0.927
214,Brazil,BRA,2011,1.426
215,Brazil,BRA,2012,1.894
216,Brazil,BRA,2013,2.20202
217,Brazil,BRA,2014,4.888053
218,Brazil,BRA,2015,7.633115
219,Brazil,BRA,2016,10.129155
220,Brazil,BRA,2017,12.304272
221,Brazil,BRA,2018,14.843094
222,Brazil,BRA,2019,15.438379
223,Brazil,BRA,2020,17.198324
224,Brazil,BRA,2021,21.16127
225,Bulgaria,BGR,1997,0.0
226,Bulgaria,BGR,1998,0.0
227,Bulgaria,BGR,1999,0.0
228,Bulgaria,BGR,2000,0.0
229,Bulgaria,BGR,2001,0.0
230,Bulgaria,BGR,2002,0.0
231,Bulgaria,BGR,2003,0.0
232,Bulgaria,BGR,2004,0.001
233,Bulgaria,BGR,2005,0.008
234,Bulgaria,BGR,2006,0.027
235,Bulgaria,BGR,2007,0.03
236,Bulgaria,BGR,2008,0.114
237,Bulgaria,BGR,2009,0.333
238,Bulgaria,BGR,2010,0.488
239,Bulgaria,BGR,2011,0.541
240,Bulgaria,BGR,2012,0.677
241,Bulgaria,BGR,2013,0.683
242,Bulgaria,BGR,2014,0.6990000000000001
243,Bulgaria,BGR,2015,0.6990000000000001
244,Bulgaria,BGR,2016,0.6990000000000001
245,Bulgaria,BGR,2017,0.69839
246,Bulgaria,BGR,2018,0.69892
247,Bulgaria,BGR,2019,0.70312
248,Bulgaria,BGR,2020,0.7028
249,Bulgaria,BGR,2021,0.7048
250,CIS (BP),,2000,0.00325
251,CIS (BP),,2001,0.0036
252,CIS (BP),,2002,0.0081
253,CIS (BP),,2003,0.0101
254,CIS (BP),,2004,0.0101
255,CIS (BP),,2005,0.0111
256,CIS (BP),,2006,0.0111
257,CIS (BP),,2007,0.0119
258,CIS (BP),,2008,0.0119
259,CIS (BP),,2009,0.0139
260,CIS (BP),,2010,0.0139
261,CIS (BP),,2011,0.014
262,CIS (BP),,2012,0.0185
263,CIS (BP),,2013,0.0237
264,CIS (BP),,2014,0.07451
265,CIS (BP),,2015,0.112655
266,CIS (BP),,2016,0.1867599999999999
267,CIS (BP),,2017,0.22375
268,CIS (BP),,2018,0.3321
269,CIS (BP),,2019,0.56445
270,CIS (BP),,2020,1.61035
271,CIS (BP),,2021,3.3051
272,Canada,CAN,1997,0.026
273,Canada,CAN,1998,0.083
274,Canada,CAN,1999,0.126
275,Canada,CAN,2000,0.092
276,Canada,CAN,2001,0.131
277,Canada,CAN,2002,0.161
278,Canada,CAN,2003,0.327
279,Canada,CAN,2004,0.444
280,Canada,CAN,2005,0.677
281,Canada,CAN,2006,1.423
282,Canada,CAN,2007,1.84
283,Canada,CAN,2008,2.336
284,Canada,CAN,2009,3.282
285,Canada,CAN,2010,3.967
286,Canada,CAN,2011,5.265
287,Canada,CAN,2012,6.2010000000000005
288,Canada,CAN,2013,7.801
289,Canada,CAN,2014,9.694
290,Canada,CAN,2015,11.214
291,Canada,CAN,2016,11.973
292,Canada,CAN,2017,12.25
293,Canada,CAN,2018,12.816
294,Canada,CAN,2019,13.413
295,Canada,CAN,2020,13.62696
296,Canada,CAN,2021,14.30356
297,Chile,CHL,1997,0.0
298,Chile,CHL,1998,0.0
299,Chile,CHL,1999,0.0
300,Chile,CHL,2000,0.0
301,Chile,CHL,2001,0.002
302,Chile,CHL,2002,0.002
303,Chile,CHL,2003,0.002
304,Chile,CHL,2004,0.002
305,Chile,CHL,2005,0.002
306,Chile,CHL,2006,0.002
307,Chile,CHL,2007,0.02
308,Chile,CHL,2008,0.02
309,Chile,CHL,2009,0.163
310,Chile,CHL,2010,0.163
311,Chile,CHL,2011,0.184
312,Chile,CHL,2012,0.202
313,Chile,CHL,2013,0.301
314,Chile,CHL,2014,0.736
315,Chile,CHL,2015,0.91
316,Chile,CHL,2016,1.039
317,Chile,CHL,2017,1.305
318,Chile,CHL,2018,1.524
319,Chile,CHL,2019,1.620074
320,Chile,CHL,2020,2.1489960000000004
321,Chile,CHL,2021,3.137006
322,China,CHN,1997,0.146
323,China,CHN,1998,0.2
324,China,CHN,1999,0.262
325,China,CHN,2000,0.341
326,China,CHN,2001,0.383
327,China,CHN,2002,0.449
328,China,CHN,2003,0.547
329,China,CHN,2004,0.763
330,China,CHN,2005,1.06
331,China,CHN,2006,2.07
332,China,CHN,2007,4.2
333,China,CHN,2008,8.387728
334,China,CHN,2009,17.599408
335,China,CHN,2010,29.633479
336,China,CHN,2011,46.3546
337,China,CHN,2012,61.59687
338,China,CHN,2013,76.73053
339,China,CHN,2014,96.81913
340,China,CHN,2015,131.04773
341,China,CHN,2016,148.51689000000002
342,China,CHN,2017,164.37448
343,China,CHN,2018,184.66488
344,China,CHN,2019,209.5819
345,China,CHN,2020,282.11266
346,China,CHN,2021,328.97344
347,Costa Rica,CRI,1997,0.023
348,Costa Rica,CRI,1998,0.027
349,Costa Rica,CRI,1999,0.035
350,Costa Rica,CRI,2000,0.0425
351,Costa Rica,CRI,2001,0.0623
352,Costa Rica,CRI,2002,0.0623
353,Costa Rica,CRI,2003,0.0686
354,Costa Rica,CRI,2004,0.0686
355,Costa Rica,CRI,2005,0.0686
356,Costa Rica,CRI,2006,0.0686
357,Costa Rica,CRI,2007,0.066
358,Costa Rica,CRI,2008,0.066
359,Costa Rica,CRI,2009,0.1155
360,Costa Rica,CRI,2010,0.1155
361,Costa Rica,CRI,2011,0.1283
362,Costa Rica,CRI,2012,0.1436
363,Costa Rica,CRI,2013,0.1436
364,Costa Rica,CRI,2014,0.1931
365,Costa Rica,CRI,2015,0.2721
366,Costa Rica,CRI,2016,0.3651
367,Costa Rica,CRI,2017,0.37782
368,Costa Rica,CRI,2018,0.4077699999999999
369,Costa Rica,CRI,2019,0.41092
370,Costa Rica,CRI,2020,0.39352
371,Costa Rica,CRI,2021,0.39352
372,Denmark,DNK,1997,1.116
373,Denmark,DNK,1998,1.42
374,Denmark,DNK,1999,1.738
375,Denmark,DNK,2000,2.390015
376,Denmark,DNK,2001,2.497153
377,Denmark,DNK,2002,2.894531
378,Denmark,DNK,2003,3.1199160000000004
379,Denmark,DNK,2004,3.1237120000000003
380,Denmark,DNK,2005,3.127836
381,Denmark,DNK,2006,3.135696
382,Denmark,DNK,2007,3.124214
383,Denmark,DNK,2008,3.16287
384,Denmark,DNK,2009,3.482087
385,Denmark,DNK,2010,3.801829
386,Denmark,DNK,2011,3.951981
387,Denmark,DNK,2012,4.161941
388,Denmark,DNK,2013,4.818923
389,Denmark,DNK,2014,4.8864030000000005
390,Denmark,DNK,2015,5.0769660000000005
391,Denmark,DNK,2016,5.245142
392,Denmark,DNK,2017,5.488949
393,Denmark,DNK,2018,6.115046
394,Denmark,DNK,2019,6.102939999999999
395,Denmark,DNK,2020,6.259455
396,Denmark,DNK,2021,7.013565
397,Egypt,EGY,1997,0.006
398,Egypt,EGY,1998,0.006
399,Egypt,EGY,1999,0.036
400,Egypt,EGY,2000,0.074
401,Egypt,EGY,2001,0.074
402,Egypt,EGY,2002,0.074
403,Egypt,EGY,2003,0.074
404,Egypt,EGY,2004,0.15
405,Egypt,EGY,2005,0.15
406,Egypt,EGY,2006,0.235
407,Egypt,EGY,2007,0.315
408,Egypt,EGY,2008,0.395
409,Egypt,EGY,2009,0.44
410,Egypt,EGY,2010,0.555
411,Egypt,EGY,2011,0.555
412,Egypt,EGY,2012,0.555
413,Egypt,EGY,2013,0.555
414,Egypt,EGY,2014,0.555
415,Egypt,EGY,2015,0.755
416,Egypt,EGY,2016,0.755
417,Egypt,EGY,2017,0.755
418,Egypt,EGY,2018,1.13
419,Egypt,EGY,2019,1.132
420,Egypt,EGY,2020,1.38
421,Egypt,EGY,2021,1.64
422,Europe,,1997,4.801
423,Europe,,1998,6.3741
424,Europe,,1999,9.2708
425,Europe,,2000,12.733664
426,Europe,,2001,17.395334
427,Europe,,2002,23.294012
428,Europe,,2003,28.160846000000003
429,Europe,,2004,34.328266000000006
430,Europe,,2005,40.69319
431,Europe,,2006,47.927800000000005
432,Europe,,2007,56.34890600000001
433,Europe,,2008,64.063395
434,Europe,,2009,75.81564
435,Europe,,2010,84.92835000000001
436,Europe,,2011,94.72223
437,Europe,,2012,107.20097
438,Europe,,2013,118.1839
439,Europe,,2014,130.21045
440,Europe,,2015,142.99906
441,Europe,,2016,155.73210999999998
442,Europe,,2017,170.57127
443,Europe,,2018,181.88416
444,Europe,,2019,196.35016
445,Europe,,2020,208.73247
446,Europe,,2021,223.9155
447,Europe (BP),,1997,4.8100000000000005
448,Europe (BP),,1998,6.383100000000001
449,Europe (BP),,1999,9.2798
450,Europe (BP),,2000,12.749665000000002
451,Europe (BP),,2001,17.411331999999998
452,Europe (BP),,2002,23.306012
453,Europe (BP),,2003,28.170846
454,Europe (BP),,2004,34.338266000000004
455,Europe (BP),,2005,40.70419
456,Europe (BP),,2006,47.9768
457,Europe (BP),,2007,56.484906
458,Europe (BP),,2008,64.417395
459,Europe (BP),,2009,76.59764
460,Europe (BP),,2010,86.23835000000001
461,Europe (BP),,2011,96.44123
462,Europe (BP),,2012,109.45197
463,Europe (BP),,2013,120.9339
464,Europe (BP),,2014,133.83045
465,Europe (BP),,2015,147.49116
466,Europe (BP),,2016,161.47220000000002
467,Europe (BP),,2017,177.07652
468,Europe (BP),,2018,188.83764
469,Europe (BP),,2019,203.83942
470,Europe (BP),,2020,216.61952
471,Europe (BP),,2021,232.56745
472,Finland,FIN,1997,0.012
473,Finland,FIN,1998,0.018
474,Finland,FIN,1999,0.039
475,Finland,FIN,2000,0.038
476,Finland,FIN,2001,0.039
477,Finland,FIN,2002,0.043
478,Finland,FIN,2003,0.052
479,Finland,FIN,2004,0.082
480,Finland,FIN,2005,0.082
481,Finland,FIN,2006,0.086
482,Finland,FIN,2007,0.11
483,Finland,FIN,2008,0.143
484,Finland,FIN,2009,0.147
485,Finland,FIN,2010,0.197
486,Finland,FIN,2011,0.199
487,Finland,FIN,2012,0.257
488,Finland,FIN,2013,0.447
489,Finland,FIN,2014,0.627
490,Finland,FIN,2015,1.005
491,Finland,FIN,2016,1.565
492,Finland,FIN,2017,2.044
493,Finland,FIN,2018,2.041
494,Finland,FIN,2019,2.2840000000000003
495,Finland,FIN,2020,2.586
496,Finland,FIN,2021,3.257
497,France,FRA,1997,0.013
498,France,FRA,1998,0.021
499,France,FRA,1999,0.025
500,France,FRA,2000,0.038
501,France,FRA,2001,0.066
502,France,FRA,2002,0.138
503,France,FRA,2003,0.218
504,France,FRA,2004,0.358
505,France,FRA,2005,0.6900000000000001
506,France,FRA,2006,1.412
507,France,FRA,2007,2.223
508,France,FRA,2008,3.403
509,France,FRA,2009,4.582
510,France,FRA,2010,5.912
511,France,FRA,2011,6.758016
512,France,FRA,2012,7.607496
513,France,FRA,2013,8.155961
514,France,FRA,2014,9.201425
515,France,FRA,2015,10.29818
516,France,FRA,2016,11.566564
517,France,FRA,2017,13.499357
518,France,FRA,2018,14.900146
519,France,FRA,2019,16.456854
520,France,FRA,2020,17.484002
521,France,FRA,2021,18.676002
522,Germany,DEU,1997,2.089
523,Germany,DEU,1998,2.877
524,Germany,DEU,1999,4.4350000000000005
525,Germany,DEU,2000,6.095
526,Germany,DEU,2001,8.754
527,Germany,DEU,2002,12.001
528,Germany,DEU,2003,14.381
529,Germany,DEU,2004,16.419
530,Germany,DEU,2005,18.248
531,Germany,DEU,2006,20.474
532,Germany,DEU,2007,22.116
533,Germany,DEU,2008,22.794
534,Germany,DEU,2009,25.732
535,Germany,DEU,2010,26.903
536,Germany,DEU,2011,28.712
537,Germany,DEU,2012,30.979
538,Germany,DEU,2013,33.477000000000004
539,Germany,DEU,2014,38.614
540,Germany,DEU,2015,44.58
541,Germany,DEU,2016,49.435
542,Germany,DEU,2017,55.58
543,Germany,DEU,2018,58.721
544,Germany,DEU,2019,60.742
545,Germany,DEU,2020,62.188
546,Germany,DEU,2021,63.76
547,Greece,GRC,1997,0.029
548,Greece,GRC,1998,0.0381
549,Greece,GRC,1999,0.1058
550,Greece,GRC,2000,0.226
551,Greece,GRC,2001,0.27
552,Greece,GRC,2002,0.287
553,Greece,GRC,2003,0.371
554,Greece,GRC,2004,0.47
555,Greece,GRC,2005,0.491
556,Greece,GRC,2006,0.749
557,Greece,GRC,2007,0.846
558,Greece,GRC,2008,1.022
559,Greece,GRC,2009,1.171
560,Greece,GRC,2010,1.298
561,Greece,GRC,2011,1.64
562,Greece,GRC,2012,1.753
563,Greece,GRC,2013,1.809
564,Greece,GRC,2014,1.978
565,Greece,GRC,2015,2.091
566,Greece,GRC,2016,2.37
567,Greece,GRC,2017,2.624
568,Greece,GRC,2018,2.877495
569,Greece,GRC,2019,3.589
570,Greece,GRC,2020,4.11925
571,Greece,GRC,2021,4.45725
572,High-income countries,,1997,6.445075
573,High-income countries,,1998,8.622174999999999
574,High-income countries,,1999,11.936555
575,High-income countries,,2000,15.336265
576,High-income countries,,2001,21.634203000000003
577,High-income countries,,2002,28.230021
578,High-income countries,,2003,35.145906000000004
579,High-income countries,,2004,42.3918
580,High-income countries,,2005,52.081445
581,High-income countries,,2006,63.402605
582,High-income countries,,2007,77.706016
583,High-income countries,,2008,94.42013
584,High-income countries,,2009,117.29926
585,High-income countries,,2010,131.76678
586,High-income countries,,2011,148.99736
587,High-income countries,,2012,175.1225
588,High-income countries,,2013,188.44655
589,High-income countries,,2014,207.45534
590,High-income countries,,2015,231.17795
591,High-income countries,,2016,254.54794
592,High-income countries,,2017,277.13322
593,High-income countries,,2018,296.60190000000006
594,High-income countries,,2019,321.7497
595,High-income countries,,2020,351.42278000000005
596,High-income countries,,2021,381.2118
597,India,IND,1997,0.94
598,India,IND,1998,0.992
599,India,IND,1999,1.035
600,India,IND,2000,0.941
601,India,IND,2001,1.563
602,India,IND,2002,1.606
603,India,IND,2003,2.461
604,India,IND,2004,3.813
605,India,IND,2005,4.4339
606,India,IND,2006,6.315
607,India,IND,2007,7.84452
608,India,IND,2008,10.2425
609,India,IND,2009,10.925
610,India,IND,2010,13.184
611,India,IND,2011,16.179000000000002
612,India,IND,2012,17.2997
613,India,IND,2013,18.4204
614,India,IND,2014,22.4653
615,India,IND,2015,25.08819
616,India,IND,2016,28.70044
617,India,IND,2017,32.84846
618,India,IND,2018,35.2881
619,India,IND,2019,37.50518
620,India,IND,2020,38.5586
621,India,IND,2021,40.067266
622,Iran,IRN,1997,0.009
623,Iran,IRN,1998,0.009
624,Iran,IRN,1999,0.009
625,Iran,IRN,2000,0.011
626,Iran,IRN,2001,0.011
627,Iran,IRN,2002,0.012
628,Iran,IRN,2003,0.016
629,Iran,IRN,2004,0.0249
630,Iran,IRN,2005,0.037
631,Iran,IRN,2006,0.047
632,Iran,IRN,2007,0.063
633,Iran,IRN,2008,0.063
634,Iran,IRN,2009,0.092
635,Iran,IRN,2010,0.095
636,Iran,IRN,2011,0.0982099999999999
637,Iran,IRN,2012,0.10613
638,Iran,IRN,2013,0.10763
639,Iran,IRN,2014,0.14878
640,Iran,IRN,2015,0.15344
641,Iran,IRN,2016,0.19094
642,Iran,IRN,2017,0.259
643,Iran,IRN,2018,0.282
644,Iran,IRN,2019,0.30492
645,Iran,IRN,2020,0.3080799999999999
646,Iran,IRN,2021,0.3102
647,Ireland,IRL,1997,0.053
648,Ireland,IRL,1998,0.064
649,Ireland,IRL,1999,0.074
650,Ireland,IRL,2000,0.1165
651,Ireland,IRL,2001,0.1229
652,Ireland,IRL,2002,0.1348
653,Ireland,IRL,2003,0.2103
654,Ireland,IRL,2004,0.3364
655,Ireland,IRL,2005,0.4933
656,Ireland,IRL,2006,0.6765
657,Ireland,IRL,2007,0.7405
658,Ireland,IRL,2008,0.9423
659,Ireland,IRL,2009,1.2513
660,Ireland,IRL,2010,1.3904
661,Ireland,IRL,2011,1.5846
662,Ireland,IRL,2012,1.70435
663,Ireland,IRL,2013,1.9233
664,Ireland,IRL,2014,2.28325
665,Ireland,IRL,2015,2.45115
666,Ireland,IRL,2016,2.80165
667,Ireland,IRL,2017,3.31915
668,Ireland,IRL,2018,3.67385
669,Ireland,IRL,2019,4.12645
670,Ireland,IRL,2020,4.3067
671,Ireland,IRL,2021,4.332050000000001
672,Italy,ITA,1997,0.103
673,Italy,ITA,1998,0.197
674,Italy,ITA,1999,0.277
675,Italy,ITA,2000,0.363
676,Italy,ITA,2001,0.664
677,Italy,ITA,2002,0.78
678,Italy,ITA,2003,0.874
679,Italy,ITA,2004,1.127
680,Italy,ITA,2005,1.635
681,Italy,ITA,2006,1.902
682,Italy,ITA,2007,2.702
683,Italy,ITA,2008,3.525
684,Italy,ITA,2009,4.879
685,Italy,ITA,2010,5.7940000000000005
686,Italy,ITA,2011,6.918
687,Italy,ITA,2012,8.102
688,Italy,ITA,2013,8.542
689,Italy,ITA,2014,8.683
690,Italy,ITA,2015,9.137
691,Italy,ITA,2016,9.384
692,Italy,ITA,2017,9.736578
693,Italy,ITA,2018,10.230246
694,Italy,ITA,2019,10.67946
695,Italy,ITA,2020,10.870622
696,Italy,ITA,2021,11.275622
697,Japan,JPN,1997,0.017
698,Japan,JPN,1998,0.03
699,Japan,JPN,1999,0.068
700,Japan,JPN,2000,0.084
701,Japan,JPN,2001,0.175
702,Japan,JPN,2002,0.277
703,Japan,JPN,2003,0.508
704,Japan,JPN,2004,0.769
705,Japan,JPN,2005,1.227
706,Japan,JPN,2006,1.805
707,Japan,JPN,2007,1.527
708,Japan,JPN,2008,1.756
709,Japan,JPN,2009,1.997
710,Japan,JPN,2010,2.294
711,Japan,JPN,2011,2.419
712,Japan,JPN,2012,2.562
713,Japan,JPN,2013,2.646
714,Japan,JPN,2014,2.753
715,Japan,JPN,2015,2.8080000000000003
716,Japan,JPN,2016,3.247
717,Japan,JPN,2017,3.483
718,Japan,JPN,2018,3.498
719,Japan,JPN,2019,3.951
720,Japan,JPN,2020,4.371
721,Japan,JPN,2021,4.471
722,Jordan,JOR,2000,0.0014
723,Jordan,JOR,2001,0.0014
724,Jordan,JOR,2002,0.0014
725,Jordan,JOR,2003,0.0014
726,Jordan,JOR,2004,0.0014
727,Jordan,JOR,2005,0.0014
728,Jordan,JOR,2006,0.0014
729,Jordan,JOR,2007,0.0014
730,Jordan,JOR,2008,0.0014
731,Jordan,JOR,2009,0.0014
732,Jordan,JOR,2010,0.0014
733,Jordan,JOR,2011,0.0014
734,Jordan,JOR,2012,0.0014
735,Jordan,JOR,2013,0.0014
736,Jordan,JOR,2014,0.0014
737,Jordan,JOR,2015,0.1184
738,Jordan,JOR,2016,0.1984
739,Jordan,JOR,2017,0.1984
740,Jordan,JOR,2018,0.2804
741,Jordan,JOR,2019,0.373
742,Jordan,JOR,2020,0.51801
743,Jordan,JOR,2021,0.62151
744,Lower-middle-income countries,,1997,0.955
745,Lower-middle-income countries,,1998,1.011
746,Lower-middle-income countries,,1999,1.108
747,Lower-middle-income countries,,2000,1.09565
748,Lower-middle-income countries,,2001,1.7488800000000002
749,Lower-middle-income countries,,2002,1.80288
750,Lower-middle-income countries,,2003,2.67877
751,Lower-middle-income countries,,2004,4.13267
752,Lower-middle-income countries,,2005,4.80387
753,Lower-middle-income countries,,2006,6.7799700000000005
754,Lower-middle-income countries,,2007,8.470889999999999
755,Lower-middle-income countries,,2008,10.95587
756,Lower-middle-income countries,,2009,11.85669
757,Lower-middle-income countries,,2010,14.23569
758,Lower-middle-income countries,,2011,17.3259
759,Lower-middle-income countries,,2012,18.725984
760,Lower-middle-income countries,,2013,20.279086
761,Lower-middle-income countries,,2014,25.255436000000003
762,Lower-middle-income countries,,2015,28.282785
763,Lower-middle-income countries,,2016,32.326934
764,Lower-middle-income countries,,2017,36.894516
765,Lower-middle-income countries,,2018,40.403625
766,Lower-middle-income countries,,2019,43.348625
767,Lower-middle-income countries,,2020,44.977438
768,Lower-middle-income countries,,2021,47.23652
769,Mexico,MEX,1997,0.002
770,Mexico,MEX,1998,0.002
771,Mexico,MEX,1999,0.002
772,Mexico,MEX,2000,0.017
773,Mexico,MEX,2001,0.017
774,Mexico,MEX,2002,0.018
775,Mexico,MEX,2003,0.018
776,Mexico,MEX,2004,0.018
777,Mexico,MEX,2005,0.018
778,Mexico,MEX,2006,0.101
779,Mexico,MEX,2007,0.101
780,Mexico,MEX,2008,0.101
781,Mexico,MEX,2009,0.425
782,Mexico,MEX,2010,0.519
783,Mexico,MEX,2011,0.601
784,Mexico,MEX,2012,1.815
785,Mexico,MEX,2013,2.122
786,Mexico,MEX,2014,2.569
787,Mexico,MEX,2015,3.271
788,Mexico,MEX,2016,4.051
789,Mexico,MEX,2017,4.199372
790,Mexico,MEX,2018,4.875635
791,Mexico,MEX,2019,6.050260000000001
792,Mexico,MEX,2020,6.504433
793,Mexico,MEX,2021,7.69153
794,Middle East (BP),,1997,0.009
795,Middle East (BP),,1998,0.009
796,Middle East (BP),,1999,0.009
797,Middle East (BP),,2000,0.0124
798,Middle East (BP),,2001,0.0124
799,Middle East (BP),,2002,0.0194
800,Middle East (BP),,2003,0.0234
801,Middle East (BP),,2004,0.0329
802,Middle East (BP),,2005,0.045
803,Middle East (BP),,2006,0.055
804,Middle East (BP),,2007,0.071
805,Middle East (BP),,2008,0.071675
806,Middle East (BP),,2009,0.100675
807,Middle East (BP),,2010,0.10368
808,Middle East (BP),,2011,0.10689
809,Middle East (BP),,2012,0.11531
810,Middle East (BP),,2013,0.12156
811,Middle East (BP),,2014,0.16456
812,Middle East (BP),,2015,0.28622
813,Middle East (BP),,2016,0.42327
814,Middle East (BP),,2017,0.50408
815,Middle East (BP),,2018,0.6090800000000001
816,Middle East (BP),,2019,0.7751
817,Middle East (BP),,2020,0.92327
818,Middle East (BP),,2021,1.02889
819,Morocco,MAR,1997,0.0
820,Morocco,MAR,1998,0.002
821,Morocco,MAR,1999,0.02
822,Morocco,MAR,2000,0.054
823,Morocco,MAR,2001,0.054
824,Morocco,MAR,2002,0.054
825,Morocco,MAR,2003,0.054
826,Morocco,MAR,2004,0.054
827,Morocco,MAR,2005,0.054
828,Morocco,MAR,2006,0.054
829,Morocco,MAR,2007,0.114
830,Morocco,MAR,2008,0.114
831,Morocco,MAR,2009,0.221
832,Morocco,MAR,2010,0.221
833,Morocco,MAR,2011,0.255
834,Morocco,MAR,2012,0.255
835,Morocco,MAR,2013,0.495
836,Morocco,MAR,2014,0.797
837,Morocco,MAR,2015,0.797
838,Morocco,MAR,2016,0.897
839,Morocco,MAR,2017,1.023
840,Morocco,MAR,2018,1.225
841,Morocco,MAR,2019,1.225
842,Morocco,MAR,2020,1.405
843,Morocco,MAR,2021,1.435
844,Netherlands,NLD,1997,0.329
845,Netherlands,NLD,1998,0.379
846,Netherlands,NLD,1999,0.433
847,Netherlands,NLD,2000,0.447
848,Netherlands,NLD,2001,0.486
849,Netherlands,NLD,2002,0.672
850,Netherlands,NLD,2003,0.905
851,Netherlands,NLD,2004,1.075
852,Netherlands,NLD,2005,1.224
853,Netherlands,NLD,2006,1.561
854,Netherlands,NLD,2007,1.749
855,Netherlands,NLD,2008,2.149
856,Netherlands,NLD,2009,2.222
857,Netherlands,NLD,2010,2.237
858,Netherlands,NLD,2011,2.316
859,Netherlands,NLD,2012,2.433
860,Netherlands,NLD,2013,2.713
861,Netherlands,NLD,2014,2.865
862,Netherlands,NLD,2015,3.391
863,Netherlands,NLD,2016,4.257
864,Netherlands,NLD,2017,4.202
865,Netherlands,NLD,2018,4.393
866,Netherlands,NLD,2019,4.484158000000001
867,Netherlands,NLD,2020,6.61875
868,Netherlands,NLD,2021,7.801
869,New Zealand,NZL,1997,0.004075
870,New Zealand,NZL,1998,0.004075
871,New Zealand,NZL,1999,0.035755
872,New Zealand,NZL,2000,0.036
873,New Zealand,NZL,2001,0.036
874,New Zealand,NZL,2002,0.054
875,New Zealand,NZL,2003,0.072
876,New Zealand,NZL,2004,0.166
877,New Zealand,NZL,2005,0.168
878,New Zealand,NZL,2006,0.169
879,New Zealand,NZL,2007,0.32
880,New Zealand,NZL,2008,0.322
881,New Zealand,NZL,2009,0.496
882,New Zealand,NZL,2010,0.524
883,New Zealand,NZL,2011,0.623
884,New Zealand,NZL,2012,0.623
885,New Zealand,NZL,2013,0.623
886,New Zealand,NZL,2014,0.682
887,New Zealand,NZL,2015,0.6890000000000001
888,New Zealand,NZL,2016,0.6890000000000001
889,New Zealand,NZL,2017,0.6890000000000001
890,New Zealand,NZL,2018,0.6890000000000001
891,New Zealand,NZL,2019,0.6890000000000001
892,New Zealand,NZL,2020,0.784
893,New Zealand,NZL,2021,0.917
894,North America,,1997,1.662
895,North America,,1998,2.253
896,North America,,1999,2.608
897,North America,,2000,2.5285
898,North America,,2001,4.0743
899,North America,,2002,4.6583000000000006
900,North America,,2003,6.408600000000001
901,North America,,2004,6.9866
902,North America,,2005,9.4696
903,North America,,2006,12.9216
904,North America,,2007,18.522
905,North America,,2008,27.154
906,North America,,2009,38.1185
907,North America,,2010,43.7365
908,North America,,2011,51.670300000000005
909,North America,,2012,67.2346
910,North America,,2013,70.03960000000001
911,North America,,2014,76.68812
912,North America,,2015,87.330125
913,North America,,2016,97.6751
914,North America,,2017,104.42419
915,North America,,2018,112.61541
916,North America,,2019,123.92638
917,North America,,2020,139.25662
918,North America,,2021,155.1262
919,North America (BP),,1997,1.639
920,North America (BP),,1998,2.226
921,North America (BP),,1999,2.573
922,North America (BP),,2000,2.486
923,North America (BP),,2001,4.0120000000000005
924,North America (BP),,2002,4.596
925,North America (BP),,2003,6.34
926,North America (BP),,2004,6.918
927,North America (BP),,2005,9.401
928,North America (BP),,2006,12.853
929,North America (BP),,2007,18.456
930,North America (BP),,2008,27.0886
931,North America (BP),,2009,38.0036
932,North America (BP),,2010,43.6216
933,North America (BP),,2011,51.5426
934,North America (BP),,2012,67.09160000000001
935,North America (BP),,2013,69.8966
936,North America (BP),,2014,76.49502000000001
937,North America (BP),,2015,87.05802
938,North America (BP),,2016,97.31
939,North America (BP),,2017,104.046375
940,North America (BP),,2018,112.20769
941,North America (BP),,2019,123.51551
942,North America (BP),,2020,138.86314000000002
943,North America (BP),,2021,154.73273
944,Norway,NOR,1997,0.005
945,Norway,NOR,1998,0.008
946,Norway,NOR,1999,0.013
947,Norway,NOR,2000,0.013
948,Norway,NOR,2001,0.013
949,Norway,NOR,2002,0.097
950,Norway,NOR,2003,0.097
951,Norway,NOR,2004,0.152
952,Norway,NOR,2005,0.265
953,Norway,NOR,2006,0.284
954,Norway,NOR,2007,0.348
955,Norway,NOR,2008,0.395
956,Norway,NOR,2009,0.423
957,Norway,NOR,2010,0.425
958,Norway,NOR,2011,0.512
959,Norway,NOR,2012,0.705
960,Norway,NOR,2013,0.8180000000000001
961,Norway,NOR,2014,0.859
962,Norway,NOR,2015,0.867
963,Norway,NOR,2016,0.883
964,Norway,NOR,2017,1.207
965,Norway,NOR,2018,1.71
966,Norway,NOR,2019,2.914
967,Norway,NOR,2020,4.03
968,Norway,NOR,2021,4.65
969,Oceania,,1997,0.0080749999999999
970,Oceania,,1998,0.0140749999999999
971,Oceania,,1999,0.045755
972,Oceania,,2000,0.069
973,Oceania,,2001,0.112
974,Oceania,,2002,0.16
975,Oceania,,2003,0.262
976,Oceania,,2004,0.545
977,Oceania,,2005,0.908
978,Oceania,,2006,0.988
979,Oceania,,2007,1.569
980,Oceania,,2008,1.763
981,Oceania,,2009,2.199
982,Oceania,,2010,2.388
983,Oceania,,2011,2.75
984,Oceania,,2012,3.184
985,Oceania,,2013,3.844
986,Oceania,,2014,4.479
987,Oceania,,2015,4.87
988,Oceania,,2016,5.013
989,Oceania,,2017,5.501
990,Oceania,,2018,6.131
991,Oceania,,2019,6.968
992,Oceania,,2020,9.387
993,Oceania,,2021,9.8676
994,Pakistan,PAK,1997,0.0
995,Pakistan,PAK,1998,0.0
996,Pakistan,PAK,1999,0.0
997,Pakistan,PAK,2000,0.0
998,Pakistan,PAK,2001,0.0
999,Pakistan,PAK,2002,0.0
1000,Pakistan,PAK,2003,0.0
1001,Pakistan,PAK,2004,0.0
1002,Pakistan,PAK,2005,0.0
1003,Pakistan,PAK,2006,0.0
1004,Pakistan,PAK,2007,0.0
1005,Pakistan,PAK,2008,0.006
1006,Pakistan,PAK,2009,0.006
1007,Pakistan,PAK,2010,0.006
1008,Pakistan,PAK,2011,0.006
1009,Pakistan,PAK,2012,0.056155
1010,Pakistan,PAK,2013,0.106055
1011,Pakistan,PAK,2014,0.205555
1012,Pakistan,PAK,2015,0.308355
1013,Pakistan,PAK,2016,0.5906549999999999
1014,Pakistan,PAK,2017,0.7891549999999999
1015,Pakistan,PAK,2018,1.185855
1016,Pakistan,PAK,2019,1.235855
1017,Pakistan,PAK,2020,1.235855
1018,Pakistan,PAK,2021,1.335155
1019,Philippines,PHL,1997,0.0
1020,Philippines,PHL,1998,0.0
1021,Philippines,PHL,1999,0.0
1022,Philippines,PHL,2000,0.0
1023,Philippines,PHL,2001,0.0
1024,Philippines,PHL,2002,0.0
1025,Philippines,PHL,2003,0.0
1026,Philippines,PHL,2004,0.0
1027,Philippines,PHL,2005,0.033
1028,Philippines,PHL,2006,0.033
1029,Philippines,PHL,2007,0.033
1030,Philippines,PHL,2008,0.033
1031,Philippines,PHL,2009,0.033
1032,Philippines,PHL,2010,0.033
1033,Philippines,PHL,2011,0.033
1034,Philippines,PHL,2012,0.033
1035,Philippines,PHL,2013,0.033
1036,Philippines,PHL,2014,0.3369
1037,Philippines,PHL,2015,0.4269
1038,Philippines,PHL,2016,0.4269
1039,Philippines,PHL,2017,0.4269
1040,Philippines,PHL,2018,0.4269
1041,Philippines,PHL,2019,0.4428999999999999
1042,Philippines,PHL,2020,0.4428999999999999
1043,Philippines,PHL,2021,0.4428999999999999
1044,Poland,POL,1997,0.002
1045,Poland,POL,1998,0.002
1046,Poland,POL,1999,0.002
1047,Poland,POL,2000,0.004
1048,Poland,POL,2001,0.019
1049,Poland,POL,2002,0.032
1050,Poland,POL,2003,0.035
1051,Poland,POL,2004,0.04
1052,Poland,POL,2005,0.121
1053,Poland,POL,2006,0.172
1054,Poland,POL,2007,0.306
1055,Poland,POL,2008,0.526
1056,Poland,POL,2009,0.709
1057,Poland,POL,2010,1.108
1058,Poland,POL,2011,1.8
1059,Poland,POL,2012,2.564
1060,Poland,POL,2013,3.4290000000000003
1061,Poland,POL,2014,3.836
1062,Poland,POL,2015,4.886
1063,Poland,POL,2016,5.747
1064,Poland,POL,2017,5.7593570000000005
1065,Poland,POL,2018,5.766078
1066,Poland,POL,2019,5.836823000000001
1067,Poland,POL,2020,6.29825
1068,Poland,POL,2021,6.9582500000000005
1069,Portugal,PRT,1997,0.039
1070,Portugal,PRT,1998,0.051
1071,Portugal,PRT,1999,0.061
1072,Portugal,PRT,2000,0.083
1073,Portugal,PRT,2001,0.125
1074,Portugal,PRT,2002,0.19
1075,Portugal,PRT,2003,0.268
1076,Portugal,PRT,2004,0.553
1077,Portugal,PRT,2005,1.064
1078,Portugal,PRT,2006,1.681
1079,Portugal,PRT,2007,2.201
1080,Portugal,PRT,2008,2.857
1081,Portugal,PRT,2009,3.326
1082,Portugal,PRT,2010,3.796
1083,Portugal,PRT,2011,4.256215
1084,Portugal,PRT,2012,4.411552
1085,Portugal,PRT,2013,4.609948999999999
1086,Portugal,PRT,2014,4.856555999999999
1087,Portugal,PRT,2015,4.936838
1088,Portugal,PRT,2016,5.124103
1089,Portugal,PRT,2017,5.124104999999999
1090,Portugal,PRT,2018,5.172359
1091,Portugal,PRT,2019,5.222745
1092,Portugal,PRT,2020,5.122259000000001
1093,Portugal,PRT,2021,5.248259
1094,Romania,ROU,1997,0.0
1095,Romania,ROU,1998,0.0
1096,Romania,ROU,1999,0.0
1097,Romania,ROU,2000,0.0
1098,Romania,ROU,2001,0.0
1099,Romania,ROU,2002,0.0
1100,Romania,ROU,2003,0.0
1101,Romania,ROU,2004,0.0
1102,Romania,ROU,2005,0.001
1103,Romania,ROU,2006,0.001
1104,Romania,ROU,2007,0.003
1105,Romania,ROU,2008,0.005
1106,Romania,ROU,2009,0.015
1107,Romania,ROU,2010,0.389
1108,Romania,ROU,2011,0.988
1109,Romania,ROU,2012,1.822
1110,Romania,ROU,2013,2.773
1111,Romania,ROU,2014,3.244
1112,Romania,ROU,2015,3.13
1113,Romania,ROU,2016,3.025
1114,Romania,ROU,2017,3.029798
1115,Romania,ROU,2018,3.032258
1116,Romania,ROU,2019,3.037515
1117,Romania,ROU,2020,3.012527
1118,Romania,ROU,2021,3.012527
1119,Russia,RUS,2000,0.003
1120,Russia,RUS,2001,0.003
1121,Russia,RUS,2002,0.007
1122,Russia,RUS,2003,0.009
1123,Russia,RUS,2004,0.009
1124,Russia,RUS,2005,0.01
1125,Russia,RUS,2006,0.01
1126,Russia,RUS,2007,0.01
1127,Russia,RUS,2008,0.01
1128,Russia,RUS,2009,0.01
1129,Russia,RUS,2010,0.01
1130,Russia,RUS,2011,0.01
1131,Russia,RUS,2012,0.01
1132,Russia,RUS,2013,0.01
1133,Russia,RUS,2014,0.01
1134,Russia,RUS,2015,0.0109
1135,Russia,RUS,2016,0.0109
1136,Russia,RUS,2017,0.0109
1137,Russia,RUS,2018,0.0519
1138,Russia,RUS,2019,0.1019
1139,Russia,RUS,2020,0.9453
1140,Russia,RUS,2021,1.955
1141,South Africa,ZAF,1997,0.0
1142,South Africa,ZAF,1998,0.0
1143,South Africa,ZAF,1999,0.0
1144,South Africa,ZAF,2000,0.0
1145,South Africa,ZAF,2001,0.0
1146,South Africa,ZAF,2002,0.00316
1147,South Africa,ZAF,2003,0.00316
1148,South Africa,ZAF,2004,0.00316
1149,South Africa,ZAF,2005,0.00316
1150,South Africa,ZAF,2006,0.00316
1151,South Africa,ZAF,2007,0.00316
1152,South Africa,ZAF,2008,0.00836
1153,South Africa,ZAF,2009,0.00836
1154,South Africa,ZAF,2010,0.01016
1155,South Africa,ZAF,2011,0.01016
1156,South Africa,ZAF,2012,0.01016
1157,South Africa,ZAF,2013,0.257
1158,South Africa,ZAF,2014,0.5690000000000001
1159,South Africa,ZAF,2015,1.079
1160,South Africa,ZAF,2016,1.473
1161,South Africa,ZAF,2017,2.094
1162,South Africa,ZAF,2018,2.094
1163,South Africa,ZAF,2019,2.094
1164,South Africa,ZAF,2020,2.516
1165,South Africa,ZAF,2021,2.9555
1166,South America,,1997,0.013
1167,South America,,1998,0.033
1168,South America,,1999,0.036
1169,South America,,2000,0.036262
1170,South America,,2001,0.050979
1171,South America,,2002,0.049948
1172,South America,,2003,0.051879
1173,South America,,2004,0.053979
1174,South America,,2005,0.058979
1175,South America,,2006,0.2669789999999999
1176,South America,,2007,0.294979
1177,South America,,2008,0.4604290199999999
1178,South America,,2009,0.82342896
1179,South America,,2010,1.1584290000000002
1180,South America,,2011,1.713184
1181,South America,,2012,2.285584
1182,South America,,2013,2.752416
1183,South America,,2014,6.3205083
1184,South America,,2015,9.586976
1185,South America,,2016,12.567054
1186,South America,,2017,15.346671
1187,South America,,2018,18.628092
1188,South America,,2019,20.181668
1189,South America,,2020,23.485080000000004
1190,South America,,2021,29.104256000000003
1191,South Korea,KOR,1997,0.001
1192,South Korea,KOR,1998,0.001
1193,South Korea,KOR,1999,0.005
1194,South Korea,KOR,2000,0.007
1195,South Korea,KOR,2001,0.011
1196,South Korea,KOR,2002,0.013
1197,South Korea,KOR,2003,0.019
1198,South Korea,KOR,2004,0.029
1199,South Korea,KOR,2005,0.099
1200,South Korea,KOR,2006,0.178
1201,South Korea,KOR,2007,0.196
1202,South Korea,KOR,2008,0.304
1203,South Korea,KOR,2009,0.351
1204,South Korea,KOR,2010,0.382
1205,South Korea,KOR,2011,0.425
1206,South Korea,KOR,2012,0.464
1207,South Korea,KOR,2013,0.5760000000000001
1208,South Korea,KOR,2014,0.612
1209,South Korea,KOR,2015,0.847
1210,South Korea,KOR,2016,1.067
1211,South Korea,KOR,2017,1.215
1212,South Korea,KOR,2018,1.42
1213,South Korea,KOR,2019,1.494
1214,South Korea,KOR,2020,1.635802
1215,South Korea,KOR,2021,1.708043
1216,South and Central America (BP),,1997,0.042
1217,South and Central America (BP),,1998,0.066
1218,South and Central America (BP),,1999,0.078
1219,South and Central America (BP),,2000,0.0905079999999999
1220,South and Central America (BP),,2001,0.134025
1221,South and Central America (BP),,2002,0.136294
1222,South and Central America (BP),,2003,0.152625
1223,South and Central America (BP),,2004,0.196525
1224,South and Central America (BP),,2005,0.193225
1225,South and Central America (BP),,2006,0.411545
1226,South and Central America (BP),,2007,0.452835
1227,South and Central America (BP),,2008,0.619555
1228,South and Central America (BP),,2009,1.101955
1229,South and Central America (BP),,2010,1.484175
1230,South and Central America (BP),,2011,2.19168
1231,South and Central America (BP),,2012,3.06768
1232,South and Central America (BP),,2013,3.685812
1233,South and Central America (BP),,2014,7.525323999999999
1234,South and Central America (BP),,2015,11.244941
1235,South and Central America (BP),,2016,14.491529
1236,South and Central America (BP),,2017,17.326365000000003
1237,South and Central America (BP),,2018,20.849562
1238,South and Central America (BP),,2019,22.638688
1239,South and Central America (BP),,2020,26.003164
1240,South and Central America (BP),,2021,31.755342
1241,Spain,ESP,1997,0.512
1242,Spain,ESP,1998,0.723
1243,Spain,ESP,1999,1.408
1244,Spain,ESP,2000,2.206
1245,Spain,ESP,2001,3.397
1246,Spain,ESP,2002,4.891
1247,Spain,ESP,2003,5.945
1248,Spain,ESP,2004,8.317
1249,Spain,ESP,2005,9.918
1250,Spain,ESP,2006,11.722
1251,Spain,ESP,2007,14.82
1252,Spain,ESP,2008,16.555
1253,Spain,ESP,2009,19.176
1254,Spain,ESP,2010,20.693
1255,Spain,ESP,2011,21.529
1256,Spain,ESP,2012,22.789
1257,Spain,ESP,2013,22.958
1258,Spain,ESP,2014,22.925
1259,Spain,ESP,2015,22.943
1260,Spain,ESP,2016,22.99
1261,Spain,ESP,2017,23.124479
1262,Spain,ESP,2018,23.405055
1263,Spain,ESP,2019,25.590076
1264,Spain,ESP,2020,26.81919
1265,Spain,ESP,2021,27.49719
1266,Sweden,SWE,1997,0.122
1267,Sweden,SWE,1998,0.176
1268,Sweden,SWE,1999,0.22
1269,Sweden,SWE,2000,0.209
1270,Sweden,SWE,2001,0.295
1271,Sweden,SWE,2002,0.357
1272,Sweden,SWE,2003,0.417
1273,Sweden,SWE,2004,0.475
1274,Sweden,SWE,2005,0.522
1275,Sweden,SWE,2006,0.585
1276,Sweden,SWE,2007,0.8230000000000001
1277,Sweden,SWE,2008,1.089
1278,Sweden,SWE,2009,1.475
1279,Sweden,SWE,2010,2.017
1280,Sweden,SWE,2011,2.764
1281,Sweden,SWE,2012,3.606
1282,Sweden,SWE,2013,4.194
1283,Sweden,SWE,2014,5.088
1284,Sweden,SWE,2015,5.819
1285,Sweden,SWE,2016,6.4350000000000005
1286,Sweden,SWE,2017,6.611
1287,Sweden,SWE,2018,7.3
1288,Sweden,SWE,2019,8.681000000000001
1289,Sweden,SWE,2020,9.976
1290,Sweden,SWE,2021,12.08
1291,Taiwan,TWN,1997,0.001
1292,Taiwan,TWN,1998,0.001
1293,Taiwan,TWN,1999,0.001
1294,Taiwan,TWN,2000,0.0026
1295,Taiwan,TWN,2001,0.005
1296,Taiwan,TWN,2002,0.0085399999999999
1297,Taiwan,TWN,2003,0.0085399999999999
1298,Taiwan,TWN,2004,0.0085399999999999
1299,Taiwan,TWN,2005,0.02394
1300,Taiwan,TWN,2006,0.10199
1301,Taiwan,TWN,2007,0.18599
1302,Taiwan,TWN,2008,0.25039
1303,Taiwan,TWN,2009,0.37429
1304,Taiwan,TWN,2010,0.47589
1305,Taiwan,TWN,2011,0.5226900000000001
1306,Taiwan,TWN,2012,0.57099
1307,Taiwan,TWN,2013,0.61419
1308,Taiwan,TWN,2014,0.63719
1309,Taiwan,TWN,2015,0.6466900000000001
1310,Taiwan,TWN,2016,0.6820900000000001
1311,Taiwan,TWN,2017,0.69239
1312,Taiwan,TWN,2018,0.713151
1313,Taiwan,TWN,2019,0.845159
1314,Taiwan,TWN,2020,0.937115
1315,Taiwan,TWN,2021,1.033368
1316,Thailand,THA,1997,0.0
1317,Thailand,THA,1998,0.0
1318,Thailand,THA,1999,0.0
1319,Thailand,THA,2000,0.0
1320,Thailand,THA,2001,0.0
1321,Thailand,THA,2002,0.0
1322,Thailand,THA,2003,0.0
1323,Thailand,THA,2004,0.0
1324,Thailand,THA,2005,0.0
1325,Thailand,THA,2006,0.00034
1326,Thailand,THA,2007,0.00094
1327,Thailand,THA,2008,0.00108
1328,Thailand,THA,2009,0.0050999999999999
1329,Thailand,THA,2010,0.0056
1330,Thailand,THA,2011,0.0073
1331,Thailand,THA,2012,0.1117
1332,Thailand,THA,2013,0.2226999999999999
1333,Thailand,THA,2014,0.2245
1334,Thailand,THA,2015,0.2339
1335,Thailand,THA,2016,0.50704
1336,Thailand,THA,2017,0.62782
1337,Thailand,THA,2018,1.10282
1338,Thailand,THA,2019,1.50682
1339,Thailand,THA,2020,1.50682
1340,Thailand,THA,2021,1.50682
1341,Tunisia,TUN,1997,0.0
1342,Tunisia,TUN,1998,0.002
1343,Tunisia,TUN,1999,0.008
1344,Tunisia,TUN,2000,0.01065
1345,Tunisia,TUN,2001,0.01065
1346,Tunisia,TUN,2002,0.01065
1347,Tunisia,TUN,2003,0.01937
1348,Tunisia,TUN,2004,0.01937
1349,Tunisia,TUN,2005,0.01937
1350,Tunisia,TUN,2006,0.01937
1351,Tunisia,TUN,2007,0.01937
1352,Tunisia,TUN,2008,0.01937
1353,Tunisia,TUN,2009,0.05369
1354,Tunisia,TUN,2010,0.05369
1355,Tunisia,TUN,2011,0.05369
1356,Tunisia,TUN,2012,0.173
1357,Tunisia,TUN,2013,0.2
1358,Tunisia,TUN,2014,0.233
1359,Tunisia,TUN,2015,0.24
1360,Tunisia,TUN,2016,0.24
1361,Tunisia,TUN,2017,0.24
1362,Tunisia,TUN,2018,0.245
1363,Tunisia,TUN,2019,0.245
1364,Tunisia,TUN,2020,0.245
1365,Tunisia,TUN,2021,0.245
1366,Turkey,TUR,1997,0.009
1367,Turkey,TUR,1998,0.009
1368,Turkey,TUR,1999,0.009
1369,Turkey,TUR,2000,0.019
1370,Turkey,TUR,2001,0.019
1371,Turkey,TUR,2002,0.019
1372,Turkey,TUR,2003,0.019
1373,Turkey,TUR,2004,0.019
1374,Turkey,TUR,2005,0.021
1375,Turkey,TUR,2006,0.059
1376,Turkey,TUR,2007,0.146
1377,Turkey,TUR,2008,0.364
1378,Turkey,TUR,2009,0.792
1379,Turkey,TUR,2010,1.32
1380,Turkey,TUR,2011,1.729
1381,Turkey,TUR,2012,2.261
1382,Turkey,TUR,2013,2.76
1383,Turkey,TUR,2014,3.63
1384,Turkey,TUR,2015,4.503
1385,Turkey,TUR,2016,5.751
1386,Turkey,TUR,2017,6.51615
1387,Turkey,TUR,2018,7.005386000000001
1388,Turkey,TUR,2019,7.591156
1389,Turkey,TUR,2020,8.832356
1390,Turkey,TUR,2021,10.606956
1391,Ukraine,UKR,2000,0.005
1392,Ukraine,UKR,2001,0.03623
1393,Ukraine,UKR,2002,0.04623
1394,Ukraine,UKR,2003,0.0544
1395,Ukraine,UKR,2004,0.0714
1396,Ukraine,UKR,2005,0.0766
1397,Ukraine,UKR,2006,0.0766
1398,Ukraine,UKR,2007,0.082
1399,Ukraine,UKR,2008,0.083
1400,Ukraine,UKR,2009,0.086
1401,Ukraine,UKR,2010,0.088
1402,Ukraine,UKR,2011,0.146
1403,Ukraine,UKR,2012,0.248
1404,Ukraine,UKR,2013,0.362
1405,Ukraine,UKR,2014,0.5139
1406,Ukraine,UKR,2015,0.5139
1407,Ukraine,UKR,2016,0.526
1408,Ukraine,UKR,2017,0.553
1409,Ukraine,UKR,2018,0.62077
1410,Ukraine,UKR,2019,1.25777
1411,Ukraine,UKR,2020,1.402
1412,Ukraine,UKR,2021,1.761
1413,United Kingdom,GBR,1997,0.328
1414,United Kingdom,GBR,1998,0.338
1415,United Kingdom,GBR,1999,0.362
1416,United Kingdom,GBR,2000,0.412
1417,United Kingdom,GBR,2001,0.493
1418,United Kingdom,GBR,2002,0.534
1419,United Kingdom,GBR,2003,0.742
1420,United Kingdom,GBR,2004,0.933
1421,United Kingdom,GBR,2005,1.565
1422,United Kingdom,GBR,2006,1.955
1423,United Kingdom,GBR,2007,2.477
1424,United Kingdom,GBR,2008,3.446
1425,United Kingdom,GBR,2009,4.422
1426,United Kingdom,GBR,2010,5.421232
1427,United Kingdom,GBR,2011,6.596285
1428,United Kingdom,GBR,2012,9.03042
1429,United Kingdom,GBR,2013,11.282272
1430,United Kingdom,GBR,2014,13.073953
1431,United Kingdom,GBR,2015,14.305634
1432,United Kingdom,GBR,2016,16.125935
1433,United Kingdom,GBR,2017,19.584998
1434,United Kingdom,GBR,2018,21.76722
1435,United Kingdom,GBR,2019,24.09538
1436,United Kingdom,GBR,2020,24.484990000000003
1437,United Kingdom,GBR,2021,27.129990000000003
1438,United States,USA,1997,1.611
1439,United States,USA,1998,2.141
1440,United States,USA,1999,2.445
1441,United States,USA,2000,2.377
1442,United States,USA,2001,3.864
1443,United States,USA,2002,4.417
1444,United States,USA,2003,5.995
1445,United States,USA,2004,6.456
1446,United States,USA,2005,8.706
1447,United States,USA,2006,11.329
1448,United States,USA,2007,16.515
1449,United States,USA,2008,24.651
1450,United States,USA,2009,34.296
1451,United States,USA,2010,39.135
1452,United States,USA,2011,45.676
1453,United States,USA,2012,59.075
1454,United States,USA,2013,59.973
1455,United States,USA,2014,64.23201999999999
1456,United States,USA,2015,72.57302
1457,United States,USA,2016,81.286
1458,United States,USA,2017,87.59700000000001
1459,United States,USA,2018,94.516
1460,United States,USA,2019,104.0522
1461,United States,USA,2020,118.7317
1462,United States,USA,2021,132.7376
1463,Upper-middle-income countries,,1997,0.193
1464,Upper-middle-income countries,,1998,0.271
1465,Upper-middle-income countries,,1999,0.344
1466,Upper-middle-income countries,,2000,0.460012
1467,Upper-middle-income countries,,2001,0.534529
1468,Upper-middle-income countries,,2002,0.607658
1469,Upper-middle-income countries,,2003,0.715889
1470,Upper-middle-income countries,,2004,0.93498895
1471,Upper-middle-income countries,,2005,1.247989
1472,Upper-middle-income countries,,2006,2.606329
1473,Upper-middle-income countries,,2007,4.836329
1474,Upper-middle-income countries,,2008,9.484396
1475,Upper-middle-income countries,,2009,19.934596000000003
1476,Upper-middle-income countries,,2010,33.446965
1477,Upper-middle-income countries,,2011,51.85634
1478,Upper-middle-income countries,,2012,70.47971000000001
1479,Upper-middle-income countries,,2013,88.095234
1480,Upper-middle-income countries,,2014,113.062375
1481,Upper-middle-income countries,,2015,152.18525
1482,Upper-middle-income countries,,2016,174.91392000000002
1483,Upper-middle-income countries,,2017,194.65816
1484,Upper-middle-income countries,,2018,219.8074
1485,Upper-middle-income countries,,2019,248.49834
1486,Upper-middle-income countries,,2020,326.86666
1487,Upper-middle-income countries,,2021,382.875
1488,Uruguay,URY,1997,0.0
1489,Uruguay,URY,1998,0.0
1490,Uruguay,URY,1999,0.0
1491,Uruguay,URY,2000,0.00015
1492,Uruguay,URY,2001,0.00015
1493,Uruguay,URY,2002,0.00015
1494,Uruguay,URY,2003,0.00015
1495,Uruguay,URY,2004,0.00015
1496,Uruguay,URY,2005,0.00015
1497,Uruguay,URY,2006,0.00015
1498,Uruguay,URY,2007,0.00015
1499,Uruguay,URY,2008,0.0146
1500,Uruguay,URY,2009,0.0306
1501,Uruguay,URY,2010,0.0406
1502,Uruguay,URY,2011,0.043605
1503,Uruguay,URY,2012,0.052605
1504,Uruguay,URY,2013,0.059417
1505,Uruguay,URY,2014,0.481268
1506,Uruguay,URY,2015,0.856756
1507,Uruguay,URY,2016,1.211456
1508,Uruguay,URY,2017,1.510656
1509,Uruguay,URY,2018,1.510656
1510,Uruguay,URY,2019,1.513856
1511,Uruguay,URY,2020,1.513856
1512,Uruguay,URY,2021,1.513856
1513,World,OWID_WRL,1995,4.7780000000000005
1514,World,OWID_WRL,1996,6.07
1515,World,OWID_WRL,1997,7.623075
1516,World,OWID_WRL,1998,9.936175
1517,World,OWID_WRL,1999,13.426555
1518,World,OWID_WRL,2000,16.932482
1519,World,OWID_WRL,2001,23.968965
1520,World,OWID_WRL,2002,30.733412
1521,World,OWID_WRL,2003,38.670547
1522,World,OWID_WRL,2004,47.68539
1523,World,OWID_WRL,2005,58.408125
1524,World,OWID_WRL,2006,73.16167
1525,World,OWID_WRL,2007,91.55306
1526,World,OWID_WRL,2008,115.56529
1527,World,OWID_WRL,2009,150.12058
1528,World,OWID_WRL,2010,180.85153
1529,World,OWID_WRL,2011,220.1219
1530,World,OWID_WRL,2012,266.91825
1531,World,OWID_WRL,2013,299.83962
1532,World,OWID_WRL,2014,349.30678000000006
1533,World,OWID_WRL,2015,416.17006
1534,World,OWID_WRL,2016,466.86603
1535,World,OWID_WRL,2017,514.2148
1536,World,OWID_WRL,2018,563.4657
1537,World,OWID_WRL,2019,621.2700600000001
1538,World,OWID_WRL,2020,731.7632
1539,World,OWID_WRL,2021,824.8740600000001
