,Entity,Code,Year,Solar Capacity (GW)
0,Africa,,1996,0.0011124251999999
1,Africa,,1997,0.0031372757
2,Africa,,1998,0.0051621259999999
3,Africa,,1999,0.008199402
4,Africa,,2000,0.010927
5,Africa,,2001,0.013028999
6,Africa,,2002,0.015243
7,Africa,,2003,0.018019001
8,Africa,,2004,0.0219959999999999
9,Africa,,2005,0.025965
10,Africa,,2006,0.034268
11,Africa,,2007,0.046656002
12,Africa,,2008,0.063372997
13,Africa,,2009,0.106845
14,Africa,,2010,0.193842
15,Africa,,2011,0.2663879999999999
16,Africa,,2012,0.345954
17,Africa,,2013,0.6669729999999999
18,Africa,,2014,1.57312
19,Africa,,2015,1.930761
20,Africa,,2016,2.988417
21,Africa,,2017,4.711063
22,Africa,,2018,7.210268
23,Africa,,2019,8.415319
24,Africa,,2020,9.703859
25,Africa,,2021,10.30226
26,Africa (BP),,1996,0.0010124252
27,Africa (BP),,1997,0.0030372756
28,Africa (BP),,1998,0.005062126
29,Africa (BP),,1999,0.008099401
30,Africa (BP),,2000,0.010927
31,Africa (BP),,2001,0.013029
32,Africa (BP),,2002,0.015243
33,Africa (BP),,2003,0.018019
34,Africa (BP),,2004,0.0219959999999999
35,Africa (BP),,2005,0.025965
36,Africa (BP),,2006,0.034268
37,Africa (BP),,2007,0.046656
38,Africa (BP),,2008,0.063373
39,Africa (BP),,2009,0.106845
40,Africa (BP),,2010,0.193842
41,Africa (BP),,2011,0.2663879999999999
42,Africa (BP),,2012,0.345954
43,Africa (BP),,2013,0.6669729999999999
44,Africa (BP),,2014,1.57312
45,Africa (BP),,2015,1.930761
46,Africa (BP),,2016,2.988417
47,Africa (BP),,2017,4.711063
48,Africa (BP),,2018,7.210268
49,Africa (BP),,2019,8.415319
50,Africa (BP),,2020,9.703859
51,Africa (BP),,2021,10.30226
52,Algeria,DZA,1996,0.0
53,Algeria,DZA,1997,0.0
54,Algeria,DZA,1998,0.0
55,Algeria,DZA,1999,0.0
56,Algeria,DZA,2000,0.0
57,Algeria,DZA,2001,0.0
58,Algeria,DZA,2002,0.0
59,Algeria,DZA,2003,0.0
60,Algeria,DZA,2004,0.0
61,Algeria,DZA,2005,0.0
62,Algeria,DZA,2006,0.0
63,Algeria,DZA,2007,0.0
64,Algeria,DZA,2008,0.0
65,Algeria,DZA,2009,0.0
66,Algeria,DZA,2010,0.0
67,Algeria,DZA,2011,0.0
68,Algeria,DZA,2012,0.0
69,Algeria,DZA,2013,0.0
70,Algeria,DZA,2014,0.0011
71,Algeria,DZA,2015,0.0491
72,Algeria,DZA,2016,0.2191
73,Algeria,DZA,2017,0.4
74,Algeria,DZA,2018,0.423
75,Algeria,DZA,2019,0.423
76,Algeria,DZA,2020,0.423
77,Algeria,DZA,2021,0.423
78,Argentina,ARG,1996,0.0
79,Argentina,ARG,1997,0.0
80,Argentina,ARG,1998,0.0
81,Argentina,ARG,1999,0.0
82,Argentina,ARG,2000,2.5e-05
83,Argentina,ARG,2001,2.6e-05
84,Argentina,ARG,2002,2.6e-05
85,Argentina,ARG,2003,2.6e-05
86,Argentina,ARG,2004,2.6e-05
87,Argentina,ARG,2005,2.6e-05
88,Argentina,ARG,2006,2.6e-05
89,Argentina,ARG,2007,2.6e-05
90,Argentina,ARG,2008,2.6e-05
91,Argentina,ARG,2009,2.6e-05
92,Argentina,ARG,2010,2.6e-05
93,Argentina,ARG,2011,0.001252
94,Argentina,ARG,2012,0.006252
95,Argentina,ARG,2013,0.008257
96,Argentina,ARG,2014,0.008252
97,Argentina,ARG,2015,0.008618
98,Argentina,ARG,2016,0.008806
99,Argentina,ARG,2017,0.008806
100,Argentina,ARG,2018,0.191236
101,Argentina,ARG,2019,0.442111
102,Argentina,ARG,2020,0.764135
103,Argentina,ARG,2021,1.071366
104,Asia,,1996,0.061
105,Asia,,1997,0.0938
106,Asia,,1998,0.1393
107,Asia,,1999,0.2214
108,Asia,,2000,0.37112
109,Asia,,2001,0.50622998
110,Asia,,2002,0.712151
111,Asia,,2003,0.95082
112,Asia,,2004,1.241006
113,Asia,,2005,1.6106339
114,Asia,,2006,1.972485
115,Asia,,2007,2.298976
116,Asia,,2008,2.878011
117,Asia,,2009,3.7645862
118,Asia,,2010,5.629264
119,Asia,,2011,9.88405
120,Asia,,2012,16.54569
121,Asia,,2013,36.577152000000005
122,Asia,,2014,61.170582
123,Asia,,2015,91.58862
124,Asia,,2016,142.65352
125,Asia,,2017,217.31088
126,Asia,,2018,284.53244
127,Asia,,2019,344.22016
128,Asia,,2020,423.60356
129,Asia,,2021,501.57628000000005
130,Asia Pacific (BP),,1996,0.077
131,Asia Pacific (BP),,1997,0.1125
132,Asia Pacific (BP),,1998,0.162
133,Asia Pacific (BP),,1999,0.246
134,Asia Pacific (BP),,2000,0.395655
135,Asia Pacific (BP),,2001,0.5345599999999999
136,Asia Pacific (BP),,2002,0.7451810000000001
137,Asia Pacific (BP),,2003,0.98845
138,Asia Pacific (BP),,2004,1.285106
139,Asia Pacific (BP),,2005,1.6591710000000002
140,Asia Pacific (BP),,2006,2.029164
141,Asia Pacific (BP),,2007,2.363006
142,Asia Pacific (BP),,2008,2.951403
143,Asia Pacific (BP),,2009,4.052475
144,Asia Pacific (BP),,2010,6.625174
145,Asia Pacific (BP),,2011,12.136772
146,Asia Pacific (BP),,2012,20.023832
147,Asia Pacific (BP),,2013,40.64408
148,Asia Pacific (BP),,2014,65.618234
149,Asia Pacific (BP),,2015,96.157164
150,Asia Pacific (BP),,2016,146.79978
151,Asia Pacific (BP),,2017,218.84447
152,Asia Pacific (BP),,2018,284.15684000000005
153,Asia Pacific (BP),,2019,344.11662
154,Asia Pacific (BP),,2020,425.32716
155,Asia Pacific (BP),,2021,501.6153
156,Australia,AUS,1996,0.016
157,Australia,AUS,1997,0.019
158,Australia,AUS,1998,0.023
159,Australia,AUS,1999,0.025
160,Australia,AUS,2000,0.025
161,Australia,AUS,2001,0.029
162,Australia,AUS,2002,0.034
163,Australia,AUS,2003,0.039
164,Australia,AUS,2004,0.046
165,Australia,AUS,2005,0.052
166,Australia,AUS,2006,0.061
167,Australia,AUS,2007,0.07
168,Australia,AUS,2008,0.082
169,Australia,AUS,2009,0.329
170,Australia,AUS,2010,1.088
171,Australia,AUS,2011,2.47
172,Australia,AUS,2012,3.796
173,Australia,AUS,2013,4.565
174,Australia,AUS,2014,5.284
175,Australia,AUS,2015,5.9430000000000005
176,Australia,AUS,2016,6.686
177,Australia,AUS,2017,7.352
178,Australia,AUS,2018,8.623
179,Australia,AUS,2019,12.967
180,Australia,AUS,2020,17.342
181,Australia,AUS,2021,19.074
182,Austria,AUT,1996,0.0017
183,Austria,AUT,1997,0.0022
184,Austria,AUT,1998,0.0029
185,Austria,AUT,1999,0.0037
186,Austria,AUT,2000,0.005
187,Austria,AUT,2001,0.007
188,Austria,AUT,2002,0.009
189,Austria,AUT,2003,0.023
190,Austria,AUT,2004,0.027
191,Austria,AUT,2005,0.021018
192,Austria,AUT,2006,0.022387
193,Austria,AUT,2007,0.024238
194,Austria,AUT,2008,0.03012
195,Austria,AUT,2009,0.048915
196,Austria,AUT,2010,0.088813
197,Austria,AUT,2011,0.17407
198,Austria,AUT,2012,0.337483
199,Austria,AUT,2013,0.625974
200,Austria,AUT,2014,0.785246
201,Austria,AUT,2015,0.937098
202,Austria,AUT,2016,1.096016
203,Austria,AUT,2017,1.268971
204,Austria,AUT,2018,1.455132
205,Austria,AUT,2019,1.702093
206,Austria,AUT,2020,2.042934
207,Austria,AUT,2021,2.6919340000000003
208,Belgium,BEL,1996,0.0
209,Belgium,BEL,1997,0.0
210,Belgium,BEL,1998,0.0
211,Belgium,BEL,1999,0.0
212,Belgium,BEL,2000,0.0
213,Belgium,BEL,2001,0.0
214,Belgium,BEL,2002,0.001
215,Belgium,BEL,2003,0.001
216,Belgium,BEL,2004,0.001
217,Belgium,BEL,2005,0.002
218,Belgium,BEL,2006,0.002
219,Belgium,BEL,2007,0.02
220,Belgium,BEL,2008,0.062
221,Belgium,BEL,2009,0.386
222,Belgium,BEL,2010,1.0066
223,Belgium,BEL,2011,1.9786
224,Belgium,BEL,2012,2.6466
225,Belgium,BEL,2013,2.9016
226,Belgium,BEL,2014,3.015
227,Belgium,BEL,2015,3.1316
228,Belgium,BEL,2016,3.3288
229,Belgium,BEL,2017,3.6206
230,Belgium,BEL,2018,4.0
231,Belgium,BEL,2019,4.6366000000000005
232,Belgium,BEL,2020,5.574800000000001
233,Belgium,BEL,2021,6.584600000000001
234,Brazil,BRA,1996,0.0
235,Brazil,BRA,1997,0.0
236,Brazil,BRA,1998,0.0
237,Brazil,BRA,1999,0.0
238,Brazil,BRA,2000,0.0
239,Brazil,BRA,2001,3.6e-05
240,Brazil,BRA,2002,3.6e-05
241,Brazil,BRA,2003,0.000716
242,Brazil,BRA,2004,0.000718
243,Brazil,BRA,2005,0.000718
244,Brazil,BRA,2006,0.000718
245,Brazil,BRA,2007,0.000718
246,Brazil,BRA,2008,0.000764
247,Brazil,BRA,2009,0.0008139999999999
248,Brazil,BRA,2010,0.000854
249,Brazil,BRA,2011,0.006097
250,Brazil,BRA,2012,0.006608
251,Brazil,BRA,2013,0.012528
252,Brazil,BRA,2014,0.020697
253,Brazil,BRA,2015,0.045567
254,Brazil,BRA,2016,0.127789
255,Brazil,BRA,2017,1.206787
256,Brazil,BRA,2018,2.435022
257,Brazil,BRA,2019,4.613191
258,Brazil,BRA,2020,7.879157
259,Brazil,BRA,2021,13.054926
260,Bulgaria,BGR,1996,0.0
261,Bulgaria,BGR,1997,0.0
262,Bulgaria,BGR,1998,0.0
263,Bulgaria,BGR,1999,0.0
264,Bulgaria,BGR,2000,0.0
265,Bulgaria,BGR,2001,0.0
266,Bulgaria,BGR,2002,0.0
267,Bulgaria,BGR,2003,0.0
268,Bulgaria,BGR,2004,0.0
269,Bulgaria,BGR,2005,0.0
270,Bulgaria,BGR,2006,0.0
271,Bulgaria,BGR,2007,3e-05
272,Bulgaria,BGR,2008,0.0001
273,Bulgaria,BGR,2009,0.002
274,Bulgaria,BGR,2010,0.025
275,Bulgaria,BGR,2011,0.154
276,Bulgaria,BGR,2012,1.013
277,Bulgaria,BGR,2013,1.02
278,Bulgaria,BGR,2014,1.026
279,Bulgaria,BGR,2015,1.029
280,Bulgaria,BGR,2016,1.028
281,Bulgaria,BGR,2017,1.03557
282,Bulgaria,BGR,2018,1.032679
283,Bulgaria,BGR,2019,1.0479500000000002
284,Bulgaria,BGR,2020,1.097357
285,Bulgaria,BGR,2021,1.186357
286,CIS (BP),,1996,0.0
287,CIS (BP),,1997,0.0
288,CIS (BP),,1998,0.0
289,CIS (BP),,1999,0.0
290,CIS (BP),,2000,0.0
291,CIS (BP),,2001,0.0
292,CIS (BP),,2002,0.0
293,CIS (BP),,2003,0.0
294,CIS (BP),,2004,0.0
295,CIS (BP),,2005,6.3e-05
296,CIS (BP),,2006,7.9e-05
297,CIS (BP),,2007,0.0006969999999999
298,CIS (BP),,2008,0.0004849999999999
299,CIS (BP),,2009,0.000298
300,CIS (BP),,2010,0.001577
301,CIS (BP),,2011,0.002018
302,CIS (BP),,2012,0.003529
303,CIS (BP),,2013,0.019021
304,CIS (BP),,2014,0.088825
305,CIS (BP),,2015,0.216823
306,CIS (BP),,2016,0.307539
307,CIS (BP),,2017,0.5123759999999999
308,CIS (BP),,2018,1.21778
309,CIS (BP),,2019,2.61892
310,CIS (BP),,2020,3.34832
311,CIS (BP),,2021,4.911386
312,Canada,CAN,1996,0.003
313,Canada,CAN,1997,0.003
314,Canada,CAN,1998,0.005
315,Canada,CAN,1999,0.006
316,Canada,CAN,2000,0.007
317,Canada,CAN,2001,0.009
318,Canada,CAN,2002,0.01
319,Canada,CAN,2003,0.012
320,Canada,CAN,2004,0.014
321,Canada,CAN,2005,0.018
322,Canada,CAN,2006,0.022
323,Canada,CAN,2007,0.029
324,Canada,CAN,2008,0.038
325,Canada,CAN,2009,0.107
326,Canada,CAN,2010,0.249
327,Canada,CAN,2011,0.628
328,Canada,CAN,2012,0.766
329,Canada,CAN,2013,1.21
330,Canada,CAN,2014,1.843
331,Canada,CAN,2015,2.519
332,Canada,CAN,2016,2.665
333,Canada,CAN,2017,2.932
334,Canada,CAN,2018,3.095
335,Canada,CAN,2019,3.327
336,Canada,CAN,2020,3.342
337,Canada,CAN,2021,3.6296
338,Chile,CHL,1996,0.0
339,Chile,CHL,1997,0.0
340,Chile,CHL,1998,0.0
341,Chile,CHL,1999,0.0
342,Chile,CHL,2000,0.0
343,Chile,CHL,2001,0.0
344,Chile,CHL,2002,0.0
345,Chile,CHL,2003,0.0
346,Chile,CHL,2004,0.0
347,Chile,CHL,2005,0.0
348,Chile,CHL,2006,0.0
349,Chile,CHL,2007,0.0
350,Chile,CHL,2008,0.0
351,Chile,CHL,2009,0.0
352,Chile,CHL,2010,0.0
353,Chile,CHL,2011,0.0
354,Chile,CHL,2012,0.002
355,Chile,CHL,2013,0.015
356,Chile,CHL,2014,0.221
357,Chile,CHL,2015,0.5760000000000001
358,Chile,CHL,2016,1.125
359,Chile,CHL,2017,1.809
360,Chile,CHL,2018,2.137
361,Chile,CHL,2019,2.653698
362,Chile,CHL,2020,3.205438
363,Chile,CHL,2021,4.360007
364,China,CHN,1996,0.001
365,China,CHN,1997,0.0025
366,China,CHN,1998,0.005
367,China,CHN,1999,0.01
368,China,CHN,2000,0.033515
369,China,CHN,2001,0.03802
370,China,CHN,2002,0.05653
371,China,CHN,2003,0.0665999999999999
372,China,CHN,2004,0.0766
373,China,CHN,2005,0.1412
374,China,CHN,2006,0.1601999999999999
375,China,CHN,2007,0.199
376,China,CHN,2008,0.253
377,China,CHN,2009,0.4148
378,China,CHN,2010,1.0218
379,China,CHN,2011,3.1078
380,China,CHN,2012,6.7178
381,China,CHN,2013,17.747799999999998
382,China,CHN,2014,28.3878
383,China,CHN,2015,43.5378
384,China,CHN,2016,77.7878
385,China,CHN,2017,130.80129
386,China,CHN,2018,175.01586
387,China,CHN,2019,204.5748
388,China,CHN,2020,253.4178
389,China,CHN,2021,306.4028
390,Czechia,CZE,1996,0.0
391,Czechia,CZE,1997,0.0
392,Czechia,CZE,1998,0.0
393,Czechia,CZE,1999,0.0
394,Czechia,CZE,2000,0.0001
395,Czechia,CZE,2001,0.0001
396,Czechia,CZE,2002,0.0002
397,Czechia,CZE,2003,0.0003
398,Czechia,CZE,2004,0.0004
399,Czechia,CZE,2005,0.0005859999999999
400,Czechia,CZE,2006,0.000841
401,Czechia,CZE,2007,0.003961
402,Czechia,CZE,2008,0.0395
403,Czechia,CZE,2009,0.4646
404,Czechia,CZE,2010,1.727
405,Czechia,CZE,2011,1.913
406,Czechia,CZE,2012,2.022
407,Czechia,CZE,2013,2.0635
408,Czechia,CZE,2014,2.0674
409,Czechia,CZE,2015,2.0749
410,Czechia,CZE,2016,2.0679000000000003
411,Czechia,CZE,2017,2.0695
412,Czechia,CZE,2018,2.075072
413,Czechia,CZE,2019,2.086424
414,Czechia,CZE,2020,2.122711
415,Czechia,CZE,2021,2.119211
416,Denmark,DNK,1996,0.0
417,Denmark,DNK,1997,0.0
418,Denmark,DNK,1998,0.0
419,Denmark,DNK,1999,0.0
420,Denmark,DNK,2000,0.001
421,Denmark,DNK,2001,0.001
422,Denmark,DNK,2002,0.002
423,Denmark,DNK,2003,0.002
424,Denmark,DNK,2004,0.002
425,Denmark,DNK,2005,0.003
426,Denmark,DNK,2006,0.003
427,Denmark,DNK,2007,0.003
428,Denmark,DNK,2008,0.003
429,Denmark,DNK,2009,0.005
430,Denmark,DNK,2010,0.007
431,Denmark,DNK,2011,0.017
432,Denmark,DNK,2012,0.402
433,Denmark,DNK,2013,0.5710000000000001
434,Denmark,DNK,2014,0.607
435,Denmark,DNK,2015,0.7821079999999999
436,Denmark,DNK,2016,0.850953
437,Denmark,DNK,2017,0.90635
438,Denmark,DNK,2018,0.998
439,Denmark,DNK,2019,1.08
440,Denmark,DNK,2020,1.304294
441,Denmark,DNK,2021,1.540294
442,Egypt,EGY,1996,0.0001
443,Egypt,EGY,1997,0.0001
444,Egypt,EGY,1998,0.0001
445,Egypt,EGY,1999,0.0001
446,Egypt,EGY,2000,0.0001
447,Egypt,EGY,2001,0.0005
448,Egypt,EGY,2002,0.0006
449,Egypt,EGY,2003,0.0006
450,Egypt,EGY,2004,0.0006
451,Egypt,EGY,2005,0.0006
452,Egypt,EGY,2006,0.0006
453,Egypt,EGY,2007,0.0007
454,Egypt,EGY,2008,0.0009
455,Egypt,EGY,2009,0.0013
456,Egypt,EGY,2010,0.015
457,Egypt,EGY,2011,0.015
458,Egypt,EGY,2012,0.015
459,Egypt,EGY,2013,0.015
460,Egypt,EGY,2014,0.015
461,Egypt,EGY,2015,0.016
462,Egypt,EGY,2016,0.039
463,Egypt,EGY,2017,0.16
464,Egypt,EGY,2018,0.7442000000000001
465,Egypt,EGY,2019,1.6272
466,Egypt,EGY,2020,1.65539
467,Egypt,EGY,2021,1.65539
468,Europe,,1996,0.0669
469,Europe,,1997,0.0873
470,Europe,,1998,0.1054
471,Europe,,1999,0.1315
472,Europe,,2000,0.2001
473,Europe,,2001,0.30036002
474,Europe,,2002,0.38499402
475,Europe,,2003,0.623771
476,Europe,,2004,1.335364
477,Europe,,2005,2.315507
478,Europe,,2006,3.266667
479,Europe,,2007,5.039852
480,Europe,,2008,10.45816
481,Europe,,2009,16.835742
482,Europe,,2010,30.119166000000003
483,Europe,,2011,53.564973
484,Europe,,2012,71.716375
485,Europe,,2013,81.8605
486,Europe,,2014,88.78095
487,Europe,,2015,97.3483
488,Europe,,2016,103.88894
489,Europe,,2017,110.13502
490,Europe,,2018,119.68972
491,Europe,,2019,141.2378
492,Europe,,2020,161.78277
493,Europe,,2021,184.94838
494,Europe (BP),,1996,0.0669
495,Europe (BP),,1997,0.0873
496,Europe (BP),,1998,0.1054
497,Europe (BP),,1999,0.1315
498,Europe (BP),,2000,0.2002
499,Europe (BP),,2001,0.30066
500,Europe (BP),,2002,0.385594
501,Europe (BP),,2003,0.624771
502,Europe (BP),,2004,1.336864
503,Europe (BP),,2005,2.317507
504,Europe (BP),,2006,3.269167
505,Europe (BP),,2007,5.042852
506,Europe (BP),,2008,10.46186
507,Europe (BP),,2009,16.840441
508,Europe (BP),,2010,30.124855
509,Europe (BP),,2011,53.571650000000005
510,Europe (BP),,2012,71.72798399999999
511,Europe (BP),,2013,81.876945
512,Europe (BP),,2014,88.81596
513,Europe (BP),,2015,97.535984
514,Europe (BP),,2016,104.64562
515,Europe (BP),,2017,113.3304
516,Europe (BP),,2018,124.217
517,Europe (BP),,2019,145.95662
518,Europe (BP),,2020,167.02231
519,Europe (BP),,2021,191.1029
520,France,FRA,1996,0.004
521,France,FRA,1997,0.006
522,France,FRA,1998,0.008
523,France,FRA,1999,0.009
524,France,FRA,2000,0.007
525,France,FRA,2001,0.007
526,France,FRA,2002,0.008
527,France,FRA,2003,0.009
528,France,FRA,2004,0.011
529,France,FRA,2005,0.013
530,France,FRA,2006,0.015
531,France,FRA,2007,0.026
532,France,FRA,2008,0.08
533,France,FRA,2009,0.277
534,France,FRA,2010,1.044
535,France,FRA,2011,3.003574
536,France,FRA,2012,4.358754
537,France,FRA,2013,5.277289
538,France,FRA,2014,6.034418
539,France,FRA,2015,7.137517
540,France,FRA,2016,7.702081000000001
541,France,FRA,2017,8.610437
542,France,FRA,2018,9.672296
543,France,FRA,2019,10.807874
544,France,FRA,2020,12.022225
545,France,FRA,2021,14.709225
546,Germany,DEU,1996,0.028
547,Germany,DEU,1997,0.042
548,Germany,DEU,1998,0.054
549,Germany,DEU,1999,0.07
550,Germany,DEU,2000,0.114
551,Germany,DEU,2001,0.195
552,Germany,DEU,2002,0.26
553,Germany,DEU,2003,0.435
554,Germany,DEU,2004,1.105
555,Germany,DEU,2005,2.056
556,Germany,DEU,2006,2.899
557,Germany,DEU,2007,4.17
558,Germany,DEU,2008,6.12
559,Germany,DEU,2009,10.564
560,Germany,DEU,2010,18.004
561,Germany,DEU,2011,25.914
562,Germany,DEU,2012,34.075
563,Germany,DEU,2013,36.708
564,Germany,DEU,2014,37.898
565,Germany,DEU,2015,39.222
566,Germany,DEU,2016,40.677
567,Germany,DEU,2017,42.291
568,Germany,DEU,2018,45.156
569,Germany,DEU,2019,48.912
570,Germany,DEU,2020,53.719
571,Germany,DEU,2021,58.459
572,Greece,GRC,1996,0.0
573,Greece,GRC,1997,0.0
574,Greece,GRC,1998,0.0
575,Greece,GRC,1999,0.0
576,Greece,GRC,2000,0.0
577,Greece,GRC,2001,0.001
578,Greece,GRC,2002,0.001
579,Greece,GRC,2003,0.001
580,Greece,GRC,2004,0.001
581,Greece,GRC,2005,0.001
582,Greece,GRC,2006,0.005
583,Greece,GRC,2007,0.009
584,Greece,GRC,2008,0.012
585,Greece,GRC,2009,0.046
586,Greece,GRC,2010,0.202
587,Greece,GRC,2011,0.612
588,Greece,GRC,2012,1.536
589,Greece,GRC,2013,2.579
590,Greece,GRC,2014,2.596
591,Greece,GRC,2015,2.604
592,Greece,GRC,2016,2.604
593,Greece,GRC,2017,2.6055300000000003
594,Greece,GRC,2018,2.6515700000000004
595,Greece,GRC,2019,2.833794
596,Greece,GRC,2020,3.28772
597,Greece,GRC,2021,3.53
598,High-income countries,,1996,0.1549
599,High-income countries,,1997,0.21
600,High-income countries,,1998,0.2765
601,High-income countries,,1999,0.3825
602,High-income countries,,2000,0.7332000000000001
603,High-income countries,,2001,0.9993
604,High-income countries,,2002,1.31553
605,High-income countries,,2003,1.80975
606,High-income countries,,2004,2.86397
607,High-income countries,,2005,4.279644
608,High-income countries,,2006,5.754938
609,High-income countries,,2007,8.0768394
610,High-income countries,,2008,14.195200000000002
611,High-income countries,,2009,22.023602
612,High-income countries,,2010,38.649695
613,High-income countries,,2011,67.32972000000001
614,High-income countries,,2012,90.870625
615,High-income countries,,2013,112.3693
616,High-income countries,,2014,135.42244
617,High-income countries,,2015,163.54958
618,High-income countries,,2016,191.79188
619,High-income countries,,2017,217.12705
620,High-income countries,,2018,246.0403
621,High-income countries,,2019,290.9125
622,High-income countries,,2020,340.51756
623,High-income countries,,2021,395.40947
624,Honduras,HND,1996,0.0
625,Honduras,HND,1997,0.0
626,Honduras,HND,1998,0.0
627,Honduras,HND,1999,0.001
628,Honduras,HND,2000,0.001599
629,Honduras,HND,2001,0.001804
630,Honduras,HND,2002,0.001975
631,Honduras,HND,2003,0.002128
632,Honduras,HND,2004,0.002376
633,Honduras,HND,2005,0.002668
634,Honduras,HND,2006,0.002872
635,Honduras,HND,2007,0.003228
636,Honduras,HND,2008,0.003228
637,Honduras,HND,2009,0.003512
638,Honduras,HND,2010,0.003728
639,Honduras,HND,2011,0.004479
640,Honduras,HND,2012,0.005156
641,Honduras,HND,2013,0.005156
642,Honduras,HND,2014,0.005156
643,Honduras,HND,2015,0.393156
644,Honduras,HND,2016,0.414156
645,Honduras,HND,2017,0.453786
646,Honduras,HND,2018,0.5136860000000001
647,Honduras,HND,2019,0.514
648,Honduras,HND,2020,0.514
649,Honduras,HND,2021,0.514
650,Hungary,HUN,1996,0.0
651,Hungary,HUN,1997,0.0
652,Hungary,HUN,1998,0.0
653,Hungary,HUN,1999,0.0
654,Hungary,HUN,2000,0.0
655,Hungary,HUN,2001,0.0
656,Hungary,HUN,2002,0.0
657,Hungary,HUN,2003,0.0
658,Hungary,HUN,2004,0.0
659,Hungary,HUN,2005,0.0
660,Hungary,HUN,2006,0.0
661,Hungary,HUN,2007,0.0004
662,Hungary,HUN,2008,0.001
663,Hungary,HUN,2009,0.001
664,Hungary,HUN,2010,0.002
665,Hungary,HUN,2011,0.004
666,Hungary,HUN,2012,0.012
667,Hungary,HUN,2013,0.035
668,Hungary,HUN,2014,0.089
669,Hungary,HUN,2015,0.172
670,Hungary,HUN,2016,0.235
671,Hungary,HUN,2017,0.344
672,Hungary,HUN,2018,0.728
673,Hungary,HUN,2019,1.4
674,Hungary,HUN,2020,2.131
675,Hungary,HUN,2021,2.131
676,India,IND,1996,0.0
677,India,IND,1997,0.0
678,India,IND,1998,0.0
679,India,IND,1999,0.0
680,India,IND,2000,0.001084
681,India,IND,2001,0.005535
682,India,IND,2002,0.006705
683,India,IND,2003,0.007885
684,India,IND,2004,0.00781
685,India,IND,2005,0.011567
686,India,IND,2006,0.009603
687,India,IND,2007,0.025099
688,India,IND,2008,0.027723
689,India,IND,2009,0.039362
690,India,IND,2010,0.0653619999999999
691,India,IND,2011,0.5633150000000001
692,India,IND,2012,0.978582
693,India,IND,2013,1.445827
694,India,IND,2014,3.444008
695,India,IND,2015,5.364984000000001
696,India,IND,2016,9.650521
697,India,IND,2017,17.923256000000002
698,India,IND,2018,27.124598
699,India,IND,2019,34.860906
700,India,IND,2020,39.042656
701,India,IND,2021,49.341508000000005
702,Israel,ISR,1996,0.0
703,Israel,ISR,1997,0.0003
704,Israel,ISR,1998,0.0003
705,Israel,ISR,1999,0.0004
706,Israel,ISR,2000,0.0
707,Israel,ISR,2001,0.0
708,Israel,ISR,2002,0.0
709,Israel,ISR,2003,0.0
710,Israel,ISR,2004,0.0
711,Israel,ISR,2005,0.001
712,Israel,ISR,2006,0.0013
713,Israel,ISR,2007,0.0018
714,Israel,ISR,2008,0.003
715,Israel,ISR,2009,0.0245
716,Israel,ISR,2010,0.0699
717,Israel,ISR,2011,0.1896999999999999
718,Israel,ISR,2012,0.272
719,Israel,ISR,2013,0.3768
720,Israel,ISR,2014,0.5871000000000001
721,Israel,ISR,2015,0.7657
722,Israel,ISR,2016,0.8736
723,Israel,ISR,2017,0.9823
724,Israel,ISR,2018,1.2852
725,Israel,ISR,2019,1.8074
726,Israel,ISR,2020,2.23
727,Israel,ISR,2021,2.313
728,Italy,ITA,1996,0.016
729,Italy,ITA,1997,0.017
730,Italy,ITA,1998,0.018
731,Italy,ITA,1999,0.018
732,Italy,ITA,2000,0.019
733,Italy,ITA,2001,0.02
734,Italy,ITA,2002,0.022
735,Italy,ITA,2003,0.026
736,Italy,ITA,2004,0.031
737,Italy,ITA,2005,0.034
738,Italy,ITA,2006,0.045
739,Italy,ITA,2007,0.11
740,Italy,ITA,2008,0.483
741,Italy,ITA,2009,1.264
742,Italy,ITA,2010,3.592
743,Italy,ITA,2011,13.131
744,Italy,ITA,2012,16.785
745,Italy,ITA,2013,18.185
746,Italy,ITA,2014,18.594
747,Italy,ITA,2015,18.901
748,Italy,ITA,2016,19.283
749,Italy,ITA,2017,19.682293
750,Italy,ITA,2018,20.10759
751,Italy,ITA,2019,20.865275
752,Italy,ITA,2020,21.65004
753,Italy,ITA,2021,22.69204
754,Japan,JPN,1996,0.06
755,Japan,JPN,1997,0.091
756,Japan,JPN,1998,0.133
757,Japan,JPN,1999,0.209
758,Japan,JPN,2000,0.33
759,Japan,JPN,2001,0.453
760,Japan,JPN,2002,0.637
761,Japan,JPN,2003,0.86
762,Japan,JPN,2004,1.132
763,Japan,JPN,2005,1.422
764,Japan,JPN,2006,1.708
765,Japan,JPN,2007,1.919
766,Japan,JPN,2008,2.144
767,Japan,JPN,2009,2.627
768,Japan,JPN,2010,3.618
769,Japan,JPN,2011,4.914
770,Japan,JPN,2012,6.632000000000001
771,Japan,JPN,2013,13.599
772,Japan,JPN,2014,23.339
773,Japan,JPN,2015,34.15
774,Japan,JPN,2016,42.04
775,Japan,JPN,2017,49.5
776,Japan,JPN,2018,56.162
777,Japan,JPN,2019,63.192
778,Japan,JPN,2020,69.764
779,Japan,JPN,2021,74.191
780,Jordan,JOR,1996,0.0
781,Jordan,JOR,1997,0.0
782,Jordan,JOR,1998,0.0
783,Jordan,JOR,1999,0.0
784,Jordan,JOR,2000,1.5e-05
785,Jordan,JOR,2001,1.5e-05
786,Jordan,JOR,2002,1.5e-05
787,Jordan,JOR,2003,1.5e-05
788,Jordan,JOR,2004,1.5e-05
789,Jordan,JOR,2005,1.5e-05
790,Jordan,JOR,2006,1.5e-05
791,Jordan,JOR,2007,1.5e-05
792,Jordan,JOR,2008,1.5e-05
793,Jordan,JOR,2009,1.5e-05
794,Jordan,JOR,2010,1.5e-05
795,Jordan,JOR,2011,4.29999999999e-05
796,Jordan,JOR,2012,7.3e-05
797,Jordan,JOR,2013,0.0001409999999999
798,Jordan,JOR,2014,0.000236
799,Jordan,JOR,2015,0.005557
800,Jordan,JOR,2016,0.286593
801,Jordan,JOR,2017,0.396588
802,Jordan,JOR,2018,0.6996230000000001
803,Jordan,JOR,2019,1.18567
804,Jordan,JOR,2020,1.448375
805,Jordan,JOR,2021,1.520575
806,Lower-middle-income countries,,1996,0.0001
807,Lower-middle-income countries,,1997,0.0001
808,Lower-middle-income countries,,1998,0.0001
809,Lower-middle-income countries,,1999,0.0011
810,Lower-middle-income countries,,2000,0.009485
811,Lower-middle-income countries,,2001,0.014947
812,Lower-middle-income countries,,2002,0.017216
813,Lower-middle-income countries,,2003,0.019419
814,Lower-middle-income countries,,2004,0.022633
815,Lower-middle-income countries,,2005,0.0287399999999999
816,Lower-middle-income countries,,2006,0.029319
817,Lower-middle-income countries,,2007,0.046556
818,Lower-middle-income countries,,2008,0.05128
819,Lower-middle-income countries,,2009,0.069824
820,Lower-middle-income countries,,2010,0.115948
821,Lower-middle-income countries,,2011,0.810338
822,Lower-middle-income countries,,2012,1.437833
823,Lower-middle-income countries,,2013,2.3377800000000004
824,Lower-middle-income countries,,2014,4.502354
825,Lower-middle-income countries,,2015,7.127592
826,Lower-middle-income countries,,2016,12.678287
827,Lower-middle-income countries,,2017,21.732004
828,Lower-middle-income countries,,2018,32.703129000000004
829,Lower-middle-income countries,,2019,50.293746
830,Lower-middle-income countries,,2020,67.738734
831,Lower-middle-income countries,,2021,79.343734
832,Malaysia,MYS,1996,0.0
833,Malaysia,MYS,1997,0.0
834,Malaysia,MYS,1998,0.0
835,Malaysia,MYS,1999,0.0
836,Malaysia,MYS,2000,0.0
837,Malaysia,MYS,2001,0.0
838,Malaysia,MYS,2002,0.0
839,Malaysia,MYS,2003,0.0
840,Malaysia,MYS,2004,0.0
841,Malaysia,MYS,2005,0.0
842,Malaysia,MYS,2006,0.0
843,Malaysia,MYS,2007,0.00045
844,Malaysia,MYS,2008,0.00054
845,Malaysia,MYS,2009,0.00054
846,Malaysia,MYS,2010,0.000544
847,Malaysia,MYS,2011,0.000544
848,Malaysia,MYS,2012,0.031584
849,Malaysia,MYS,2013,0.138674
850,Malaysia,MYS,2014,0.205388
851,Malaysia,MYS,2015,0.266285
852,Malaysia,MYS,2016,0.344108
853,Malaysia,MYS,2017,0.393808
854,Malaysia,MYS,2018,0.5450750000000001
855,Malaysia,MYS,2019,0.893595
856,Malaysia,MYS,2020,1.482597
857,Malaysia,MYS,2021,1.786747
858,Mexico,MEX,1996,0.01
859,Mexico,MEX,1997,0.011
860,Mexico,MEX,1998,0.012
861,Mexico,MEX,1999,0.013
862,Mexico,MEX,2000,0.014
863,Mexico,MEX,2001,0.015
864,Mexico,MEX,2002,0.016
865,Mexico,MEX,2003,0.016
866,Mexico,MEX,2004,0.016
867,Mexico,MEX,2005,0.016
868,Mexico,MEX,2006,0.016
869,Mexico,MEX,2007,0.019
870,Mexico,MEX,2008,0.019
871,Mexico,MEX,2009,0.0251
872,Mexico,MEX,2010,0.0298
873,Mexico,MEX,2011,0.0424
874,Mexico,MEX,2012,0.0728
875,Mexico,MEX,2013,0.109
876,Mexico,MEX,2014,0.174
877,Mexico,MEX,2015,0.287
878,Mexico,MEX,2016,0.6326
879,Mexico,MEX,2017,1.12574
880,Mexico,MEX,2018,2.541
881,Mexico,MEX,2019,4.426208
882,Mexico,MEX,2020,5.149
883,Mexico,MEX,2021,7.026
884,Middle East (BP),,1996,0.0
885,Middle East (BP),,1997,0.0003
886,Middle East (BP),,1998,0.0003
887,Middle East (BP),,1999,0.0004
888,Middle East (BP),,2000,0.000365
889,Middle East (BP),,2001,0.00037
890,Middle East (BP),,2002,0.00037
891,Middle East (BP),,2003,0.00037
892,Middle East (BP),,2004,0.0004
893,Middle East (BP),,2005,0.0014
894,Middle East (BP),,2006,0.001742
895,Middle East (BP),,2007,0.002273
896,Middle East (BP),,2008,0.004423
897,Middle East (BP),,2009,0.036113
898,Middle East (BP),,2010,0.084823
899,Middle East (BP),,2011,0.208583
900,Middle East (BP),,2012,0.302721
901,Middle East (BP),,2013,0.46261
902,Middle East (BP),,2014,0.712524
903,Middle East (BP),,2015,0.969952
904,Middle East (BP),,2016,1.47552
905,Middle East (BP),,2017,2.110663
906,Middle East (BP),,2018,3.253536
907,Middle East (BP),,2019,5.732761000000001
908,Middle East (BP),,2020,7.03054
909,Middle East (BP),,2021,7.969056
910,Morocco,MAR,1996,0.0
911,Morocco,MAR,1997,0.0
912,Morocco,MAR,1998,0.0
913,Morocco,MAR,1999,0.0
914,Morocco,MAR,2000,0.0067
915,Morocco,MAR,2001,0.007
916,Morocco,MAR,2002,0.0077
917,Morocco,MAR,2003,0.0084
918,Morocco,MAR,2004,0.0091
919,Morocco,MAR,2005,0.01
920,Morocco,MAR,2006,0.0108
921,Morocco,MAR,2007,0.011945
922,Morocco,MAR,2008,0.012845
923,Morocco,MAR,2009,0.013445
924,Morocco,MAR,2010,0.013545
925,Morocco,MAR,2011,0.0141739999999999
926,Morocco,MAR,2012,0.015174
927,Morocco,MAR,2013,0.015174
928,Morocco,MAR,2014,0.0196
929,Morocco,MAR,2015,0.0198
930,Morocco,MAR,2016,0.02187
931,Morocco,MAR,2017,0.023895
932,Morocco,MAR,2018,0.193895
933,Morocco,MAR,2019,0.193903
934,Morocco,MAR,2020,0.194
935,Morocco,MAR,2021,0.2343
936,Netherlands,NLD,1996,0.0007
937,Netherlands,NLD,1997,0.001
938,Netherlands,NLD,1998,0.001
939,Netherlands,NLD,1999,0.005
940,Netherlands,NLD,2000,0.013
941,Netherlands,NLD,2001,0.021
942,Netherlands,NLD,2002,0.026
943,Netherlands,NLD,2003,0.046
944,Netherlands,NLD,2004,0.05
945,Netherlands,NLD,2005,0.051
946,Netherlands,NLD,2006,0.053
947,Netherlands,NLD,2007,0.054
948,Netherlands,NLD,2008,0.059
949,Netherlands,NLD,2009,0.069
950,Netherlands,NLD,2010,0.09
951,Netherlands,NLD,2011,0.149
952,Netherlands,NLD,2012,0.287
953,Netherlands,NLD,2013,0.65
954,Netherlands,NLD,2014,1.007
955,Netherlands,NLD,2015,1.526
956,Netherlands,NLD,2016,2.135
957,Netherlands,NLD,2017,2.911
958,Netherlands,NLD,2018,4.6080000000000005
959,Netherlands,NLD,2019,7.226
960,Netherlands,NLD,2020,10.94972
961,Netherlands,NLD,2021,14.249
962,North America,,1996,0.0269
963,North America,,1997,0.0286
964,North America,,1998,0.0322
965,North America,,1999,0.0366
966,North America,,2000,0.198599
967,North America,,2001,0.238804
968,North America,,2002,0.282975
969,North America,,2003,0.3231279999999999
970,North America,,2004,0.395376
971,North America,,2005,0.52966797
972,North America,,2006,0.738872
973,North America,,2007,1.025228
974,North America,,2008,1.2132280000000002
975,North America,,2009,1.7496120000000002
976,North America,,2010,3.191528
977,North America,,2011,5.846879
978,North America,,2012,8.980956
979,North America,,2013,13.083156
980,North America,,2014,18.006156
981,North America,,2015,24.883156
982,North America,,2016,36.669758
983,North America,,2017,45.868527
984,North America,,2018,55.961688
985,North America,,2019,67.33521
986,North America,,2020,82.81869999999999
987,North America,,2021,104.88262
988,North America (BP),,1996,0.0269
989,North America (BP),,1997,0.0286
990,North America (BP),,1998,0.0322
991,North America (BP),,1999,0.0356
992,North America (BP),,2000,0.197
993,North America (BP),,2001,0.237
994,North America (BP),,2002,0.281
995,North America (BP),,2003,0.321
996,North America (BP),,2004,0.393
997,North America (BP),,2005,0.527
998,North America (BP),,2006,0.736
999,North America (BP),,2007,1.022
1000,North America (BP),,2008,1.21
1001,North America (BP),,2009,1.7461
1002,North America (BP),,2010,3.1878
1003,North America (BP),,2011,5.8424
1004,North America (BP),,2012,8.9758
1005,North America (BP),,2013,13.078
1006,North America (BP),,2014,18.001
1007,North America (BP),,2015,24.49
1008,North America (BP),,2016,36.2556
1009,North America (BP),,2017,45.41474
1010,North America (BP),,2018,55.44814
1011,North America (BP),,2019,66.82133999999999
1012,North America (BP),,2020,82.304836
1013,North America (BP),,2021,104.36875
1014,Oceania,,1996,0.016
1015,Oceania,,1997,0.019
1016,Oceania,,1998,0.023
1017,Oceania,,1999,0.025
1018,Oceania,,2000,0.025
1019,Oceania,,2001,0.029
1020,Oceania,,2002,0.034
1021,Oceania,,2003,0.039
1022,Oceania,,2004,0.046
1023,Oceania,,2005,0.052
1024,Oceania,,2006,0.061
1025,Oceania,,2007,0.07
1026,Oceania,,2008,0.082
1027,Oceania,,2009,0.329
1028,Oceania,,2010,1.088
1029,Oceania,,2011,2.47
1030,Oceania,,2012,3.796
1031,Oceania,,2013,4.565
1032,Oceania,,2014,5.284
1033,Oceania,,2015,5.9430000000000005
1034,Oceania,,2016,6.686
1035,Oceania,,2017,7.352
1036,Oceania,,2018,8.623
1037,Oceania,,2019,12.967
1038,Oceania,,2020,17.342
1039,Oceania,,2021,19.074
1040,Pakistan,PAK,1996,0.0
1041,Pakistan,PAK,1997,0.0
1042,Pakistan,PAK,1998,0.0
1043,Pakistan,PAK,1999,0.0
1044,Pakistan,PAK,2000,0.0
1045,Pakistan,PAK,2001,0.0
1046,Pakistan,PAK,2002,0.0
1047,Pakistan,PAK,2003,0.0
1048,Pakistan,PAK,2004,0.0
1049,Pakistan,PAK,2005,0.0
1050,Pakistan,PAK,2006,0.0
1051,Pakistan,PAK,2007,0.00014
1052,Pakistan,PAK,2008,0.00114
1053,Pakistan,PAK,2009,0.00667
1054,Pakistan,PAK,2010,0.009275
1055,Pakistan,PAK,2011,0.018632
1056,Pakistan,PAK,2012,0.045783
1057,Pakistan,PAK,2013,0.100658
1058,Pakistan,PAK,2014,0.165363
1059,Pakistan,PAK,2015,0.265512
1060,Pakistan,PAK,2016,0.5895050000000001
1061,Pakistan,PAK,2017,0.6546989999999999
1062,Pakistan,PAK,2018,0.6791090000000001
1063,Pakistan,PAK,2019,0.763313
1064,Pakistan,PAK,2020,0.860313
1065,Pakistan,PAK,2021,1.0833130000000002
1066,Philippines,PHL,1996,0.0
1067,Philippines,PHL,1997,0.0
1068,Philippines,PHL,1998,0.0
1069,Philippines,PHL,1999,0.0
1070,Philippines,PHL,2000,0.0
1071,Philippines,PHL,2001,0.0
1072,Philippines,PHL,2002,0.0
1073,Philippines,PHL,2003,0.0
1074,Philippines,PHL,2004,0.002
1075,Philippines,PHL,2005,0.00202
1076,Philippines,PHL,2006,0.00202
1077,Philippines,PHL,2007,0.00202
1078,Philippines,PHL,2008,0.00202
1079,Philippines,PHL,2009,0.00202
1080,Philippines,PHL,2010,0.00202
1081,Philippines,PHL,2011,0.00202
1082,Philippines,PHL,2012,0.00202
1083,Philippines,PHL,2013,0.003047
1084,Philippines,PHL,2014,0.0277369999999999
1085,Philippines,PHL,2015,0.17255
1086,Philippines,PHL,2016,0.784145
1087,Philippines,PHL,2017,0.908376
1088,Philippines,PHL,2018,0.916961
1089,Philippines,PHL,2019,0.982246
1090,Philippines,PHL,2020,1.057881
1091,Philippines,PHL,2021,1.369734
1092,Poland,POL,1997,0.0
1093,Poland,POL,1998,0.0
1094,Poland,POL,1999,0.0
1095,Poland,POL,2000,0.0
1096,Poland,POL,2001,0.0
1097,Poland,POL,2002,0.0
1098,Poland,POL,2003,0.0
1099,Poland,POL,2004,0.0
1100,Poland,POL,2005,0.0
1101,Poland,POL,2006,0.0
1102,Poland,POL,2007,0.0
1103,Poland,POL,2008,0.0
1104,Poland,POL,2009,0.0
1105,Poland,POL,2010,0.0
1106,Poland,POL,2011,0.00111
1107,Poland,POL,2012,0.0013
1108,Poland,POL,2013,0.0023929999999999
1109,Poland,POL,2014,0.02715
1110,Poland,POL,2015,0.107777
1111,Poland,POL,2016,0.187247
1112,Poland,POL,2017,0.287091
1113,Poland,POL,2018,0.561976
1114,Poland,POL,2019,1.5392590000000002
1115,Poland,POL,2020,3.954963
1116,Poland,POL,2021,6.256754
1117,Portugal,PRT,1996,0.0004
1118,Portugal,PRT,1997,0.0005
1119,Portugal,PRT,1998,0.0006
1120,Portugal,PRT,1999,0.0009
1121,Portugal,PRT,2000,0.001
1122,Portugal,PRT,2001,0.001
1123,Portugal,PRT,2002,0.001
1124,Portugal,PRT,2003,0.002
1125,Portugal,PRT,2004,0.002
1126,Portugal,PRT,2005,0.002
1127,Portugal,PRT,2006,0.003
1128,Portugal,PRT,2007,0.024
1129,Portugal,PRT,2008,0.059
1130,Portugal,PRT,2009,0.115
1131,Portugal,PRT,2010,0.134
1132,Portugal,PRT,2011,0.172
1133,Portugal,PRT,2012,0.238
1134,Portugal,PRT,2013,0.296
1135,Portugal,PRT,2014,0.415
1136,Portugal,PRT,2015,0.447
1137,Portugal,PRT,2016,0.512824
1138,Portugal,PRT,2017,0.579236
1139,Portugal,PRT,2018,0.6674310000000001
1140,Portugal,PRT,2019,0.901438
1141,Portugal,PRT,2020,1.100292
1142,Portugal,PRT,2021,1.801292
1143,Romania,ROU,1996,0.0
1144,Romania,ROU,1997,0.0
1145,Romania,ROU,1998,0.0
1146,Romania,ROU,1999,0.0
1147,Romania,ROU,2000,0.0
1148,Romania,ROU,2001,0.0
1149,Romania,ROU,2002,0.0
1150,Romania,ROU,2003,0.0
1151,Romania,ROU,2004,0.0
1152,Romania,ROU,2005,0.0
1153,Romania,ROU,2006,0.0
1154,Romania,ROU,2007,0.0
1155,Romania,ROU,2008,0.0001
1156,Romania,ROU,2009,0.0001
1157,Romania,ROU,2010,0.0001
1158,Romania,ROU,2011,0.001
1159,Romania,ROU,2012,0.041
1160,Romania,ROU,2013,0.761
1161,Romania,ROU,2014,1.293
1162,Romania,ROU,2015,1.326
1163,Romania,ROU,2016,1.372
1164,Romania,ROU,2017,1.374129
1165,Romania,ROU,2018,1.38582
1166,Romania,ROU,2019,1.397705
1167,Romania,ROU,2020,1.382539
1168,Romania,ROU,2021,1.397539
1169,Russia,RUS,1996,0.0
1170,Russia,RUS,1997,0.0
1171,Russia,RUS,1998,0.0
1172,Russia,RUS,1999,0.0
1173,Russia,RUS,2000,0.0
1174,Russia,RUS,2001,0.0
1175,Russia,RUS,2002,0.0
1176,Russia,RUS,2003,0.0
1177,Russia,RUS,2004,0.0
1178,Russia,RUS,2005,0.0
1179,Russia,RUS,2006,0.0
1180,Russia,RUS,2007,0.0
1181,Russia,RUS,2008,0.0
1182,Russia,RUS,2009,0.0
1183,Russia,RUS,2010,1e-05
1184,Russia,RUS,2011,2.3e-05
1185,Russia,RUS,2012,9.3e-05
1186,Russia,RUS,2013,0.001259
1187,Russia,RUS,2014,0.005
1188,Russia,RUS,2015,0.06132
1189,Russia,RUS,2016,0.07632
1190,Russia,RUS,2017,0.22532
1191,Russia,RUS,2018,0.53532
1192,Russia,RUS,2019,1.27632
1193,Russia,RUS,2020,1.42782
1194,Russia,RUS,2021,1.66102
1195,Slovakia,SVK,1996,0.0
1196,Slovakia,SVK,1997,0.0
1197,Slovakia,SVK,1998,0.0
1198,Slovakia,SVK,1999,0.0
1199,Slovakia,SVK,2000,0.0
1200,Slovakia,SVK,2001,0.0
1201,Slovakia,SVK,2002,0.0
1202,Slovakia,SVK,2003,0.0
1203,Slovakia,SVK,2004,0.0
1204,Slovakia,SVK,2005,0.0
1205,Slovakia,SVK,2006,0.0
1206,Slovakia,SVK,2007,0.0
1207,Slovakia,SVK,2008,0.0
1208,Slovakia,SVK,2009,0.0
1209,Slovakia,SVK,2010,0.019
1210,Slovakia,SVK,2011,0.496
1211,Slovakia,SVK,2012,0.513
1212,Slovakia,SVK,2013,0.533
1213,Slovakia,SVK,2014,0.533
1214,Slovakia,SVK,2015,0.533
1215,Slovakia,SVK,2016,0.533
1216,Slovakia,SVK,2017,0.528
1217,Slovakia,SVK,2018,0.472
1218,Slovakia,SVK,2019,0.59
1219,Slovakia,SVK,2020,0.535
1220,Slovakia,SVK,2021,0.535
1221,South Africa,ZAF,1996,0.0
1222,South Africa,ZAF,1997,0.002
1223,South Africa,ZAF,1998,0.004
1224,South Africa,ZAF,1999,0.006
1225,South Africa,ZAF,2000,0.0
1226,South Africa,ZAF,2001,0.0
1227,South Africa,ZAF,2002,0.0
1228,South Africa,ZAF,2003,0.0
1229,South Africa,ZAF,2004,0.0
1230,South Africa,ZAF,2005,0.0
1231,South Africa,ZAF,2006,0.0
1232,South Africa,ZAF,2007,0.0
1233,South Africa,ZAF,2008,0.0
1234,South Africa,ZAF,2009,0.0
1235,South Africa,ZAF,2010,0.001959
1236,South Africa,ZAF,2011,0.005658
1237,South Africa,ZAF,2012,0.011303
1238,South Africa,ZAF,2013,0.261625
1239,South Africa,ZAF,2014,1.062901
1240,South Africa,ZAF,2015,1.251656
1241,South Africa,ZAF,2016,1.974026
1242,South Africa,ZAF,2017,3.14673
1243,South Africa,ZAF,2018,4.4009290000000005
1244,South Africa,ZAF,2019,4.404991
1245,South Africa,ZAF,2020,5.489578000000001
1246,South Africa,ZAF,2021,5.721095
1247,South America,,1996,0.0
1248,South America,,1997,0.0
1249,South America,,1998,0.0
1250,South America,,1999,0.0
1251,South America,,2000,2.5e-05
1252,South America,,2001,6.2e-05
1253,South America,,2002,6.2e-05
1254,South America,,2003,0.00074200004
1255,South America,,2004,0.000744
1256,South America,,2005,0.000744
1257,South America,,2006,0.000744
1258,South America,,2007,0.000744
1259,South America,,2008,0.00079
1260,South America,,2009,0.00084000003
1261,South America,,2010,0.00088
1262,South America,,2011,0.007349
1263,South America,,2012,0.01486
1264,South America,,2013,0.035785
1265,South America,,2014,0.249949
1266,South America,,2015,0.630185
1267,South America,,2016,1.261595
1268,South America,,2017,3.024593
1269,South America,,2018,4.763258
1270,South America,,2019,7.709
1271,South America,,2020,11.84873
1272,South America,,2021,18.486299
1273,South Korea,KOR,1996,0.0
1274,South Korea,KOR,1997,0.0
1275,South Korea,KOR,1998,0.0
1276,South Korea,KOR,1999,0.0
1277,South Korea,KOR,2000,0.004
1278,South Korea,KOR,2001,0.005
1279,South Korea,KOR,2002,0.005
1280,South Korea,KOR,2003,0.006
1281,South Korea,KOR,2004,0.009
1282,South Korea,KOR,2005,0.014
1283,South Korea,KOR,2006,0.036
1284,South Korea,KOR,2007,0.081
1285,South Korea,KOR,2008,0.357
1286,South Korea,KOR,2009,0.524
1287,South Korea,KOR,2010,0.65
1288,South Korea,KOR,2011,0.73
1289,South Korea,KOR,2012,1.024
1290,South Korea,KOR,2013,1.555
1291,South Korea,KOR,2014,2.481
1292,South Korea,KOR,2015,3.615
1293,South Korea,KOR,2016,4.502
1294,South Korea,KOR,2017,5.835
1295,South Korea,KOR,2018,8.099
1296,South Korea,KOR,2019,11.952
1297,South Korea,KOR,2020,14.574791
1298,South Korea,KOR,2021,18.160574
1299,South and Central America (BP),,1996,0.0
1300,South and Central America (BP),,1997,0.0
1301,South and Central America (BP),,1998,0.0
1302,South and Central America (BP),,1999,0.002
1303,South and Central America (BP),,2000,0.004522
1304,South and Central America (BP),,2001,0.007367
1305,South and Central America (BP),,2002,0.0096709999999999
1306,South and Central America (BP),,2003,0.01242
1307,South and Central America (BP),,2004,0.014613
1308,South and Central America (BP),,2005,0.017013
1309,South and Central America (BP),,2006,0.022773
1310,South and Central America (BP),,2007,0.028982
1311,South and Central America (BP),,2008,0.037997
1312,South and Central America (BP),,2009,0.062194
1313,South and Central America (BP),,2010,0.119739
1314,South and Central America (BP),,2011,0.188162
1315,South and Central America (BP),,2012,0.3655029999999999
1316,South and Central America (BP),,2013,0.479338
1317,South and Central America (BP),,2014,0.807515
1318,South and Central America (BP),,2015,1.902919
1319,South and Central America (BP),,2016,2.756455
1320,South and Central America (BP),,2017,5.282814999999999
1321,South and Central America (BP),,2018,7.508274
1322,South and Central America (BP),,2019,11.024064
1323,South and Central America (BP),,2020,15.544097
1324,South and Central America (BP),,2021,22.816424
1325,Spain,ESP,1996,0.001
1326,Spain,ESP,1997,0.001
1327,Spain,ESP,1998,0.001
1328,Spain,ESP,1999,0.002
1329,Spain,ESP,2000,0.01
1330,Spain,ESP,2001,0.013
1331,Spain,ESP,2002,0.017
1332,Spain,ESP,2003,0.022
1333,Spain,ESP,2004,0.033
1334,Spain,ESP,2005,0.052
1335,Spain,ESP,2006,0.13
1336,Spain,ESP,2007,0.494
1337,Spain,ESP,2008,3.384
1338,Spain,ESP,2009,3.423
1339,Spain,ESP,2010,3.873
1340,Spain,ESP,2011,4.283
1341,Spain,ESP,2012,4.569
1342,Spain,ESP,2013,4.69
1343,Spain,ESP,2014,4.697
1344,Spain,ESP,2015,4.704
1345,Spain,ESP,2016,4.713
1346,Spain,ESP,2017,4.723
1347,Spain,ESP,2018,4.763607
1348,Spain,ESP,2019,8.839253000000001
1349,Spain,ESP,2020,10.285477
1350,Spain,ESP,2021,13.648477000000002
1351,Sweden,SWE,1996,0.002
1352,Sweden,SWE,1997,0.002
1353,Sweden,SWE,1998,0.002
1354,Sweden,SWE,1999,0.003
1355,Sweden,SWE,2000,0.003
1356,Sweden,SWE,2001,0.003
1357,Sweden,SWE,2002,0.003
1358,Sweden,SWE,2003,0.004
1359,Sweden,SWE,2004,0.004
1360,Sweden,SWE,2005,0.004
1361,Sweden,SWE,2006,0.005
1362,Sweden,SWE,2007,0.006
1363,Sweden,SWE,2008,0.008
1364,Sweden,SWE,2009,0.009
1365,Sweden,SWE,2010,0.011
1366,Sweden,SWE,2011,0.012
1367,Sweden,SWE,2012,0.024
1368,Sweden,SWE,2013,0.043
1369,Sweden,SWE,2014,0.06
1370,Sweden,SWE,2015,0.104
1371,Sweden,SWE,2016,0.153
1372,Sweden,SWE,2017,0.244
1373,Sweden,SWE,2018,0.428
1374,Sweden,SWE,2019,0.714
1375,Sweden,SWE,2020,1.107
1376,Sweden,SWE,2021,1.5774
1377,Switzerland,CHE,1996,0.008
1378,Switzerland,CHE,1997,0.01
1379,Switzerland,CHE,1998,0.012
1380,Switzerland,CHE,1999,0.013
1381,Switzerland,CHE,2000,0.016
1382,Switzerland,CHE,2001,0.018
1383,Switzerland,CHE,2002,0.02
1384,Switzerland,CHE,2003,0.022
1385,Switzerland,CHE,2004,0.024
1386,Switzerland,CHE,2005,0.028
1387,Switzerland,CHE,2006,0.03
1388,Switzerland,CHE,2007,0.037
1389,Switzerland,CHE,2008,0.049
1390,Switzerland,CHE,2009,0.079
1391,Switzerland,CHE,2010,0.125
1392,Switzerland,CHE,2011,0.223
1393,Switzerland,CHE,2012,0.437
1394,Switzerland,CHE,2013,0.756
1395,Switzerland,CHE,2014,1.061
1396,Switzerland,CHE,2015,1.394
1397,Switzerland,CHE,2016,1.664
1398,Switzerland,CHE,2017,1.906
1399,Switzerland,CHE,2018,2.173
1400,Switzerland,CHE,2019,2.498
1401,Switzerland,CHE,2020,2.97339
1402,Switzerland,CHE,2021,3.44878
1403,Taiwan,TWN,1996,0.0
1404,Taiwan,TWN,1997,0.0
1405,Taiwan,TWN,1998,0.0
1406,Taiwan,TWN,1999,0.0
1407,Taiwan,TWN,2000,0.0001
1408,Taiwan,TWN,2001,0.0002
1409,Taiwan,TWN,2002,0.00033
1410,Taiwan,TWN,2003,0.00045
1411,Taiwan,TWN,2004,0.00057
1412,Taiwan,TWN,2005,0.00104
1413,Taiwan,TWN,2006,0.00141
1414,Taiwan,TWN,2007,0.00244
1415,Taiwan,TWN,2008,0.00558
1416,Taiwan,TWN,2009,0.00951
1417,Taiwan,TWN,2010,0.034555
1418,Taiwan,TWN,2011,0.129912
1419,Taiwan,TWN,2012,0.231281
1420,Taiwan,TWN,2013,0.4099379999999999
1421,Taiwan,TWN,2014,0.635951
1422,Taiwan,TWN,2015,0.884251
1423,Taiwan,TWN,2016,1.245055
1424,Taiwan,TWN,2017,1.767702
1425,Taiwan,TWN,2018,2.738119
1426,Taiwan,TWN,2019,4.149539
1427,Taiwan,TWN,2020,5.817205
1428,Taiwan,TWN,2021,7.700213
1429,Thailand,THA,1996,0.0
1430,Thailand,THA,1997,0.0
1431,Thailand,THA,1998,0.0
1432,Thailand,THA,1999,0.0
1433,Thailand,THA,2000,0.0
1434,Thailand,THA,2001,0.0
1435,Thailand,THA,2002,0.0
1436,Thailand,THA,2003,0.0
1437,Thailand,THA,2004,0.0
1438,Thailand,THA,2005,0.0
1439,Thailand,THA,2006,0.03041
1440,Thailand,THA,2007,0.03225
1441,Thailand,THA,2008,0.03235
1442,Thailand,THA,2009,0.037
1443,Thailand,THA,2010,0.0486
1444,Thailand,THA,2011,0.0787
1445,Thailand,THA,2012,0.3767
1446,Thailand,THA,2013,0.8235
1447,Thailand,THA,2014,1.2985
1448,Thailand,THA,2015,1.4196
1449,Thailand,THA,2016,2.4461
1450,Thailand,THA,2017,2.6972600000000004
1451,Thailand,THA,2018,2.96244
1452,Thailand,THA,2019,2.98262
1453,Thailand,THA,2020,2.98262
1454,Thailand,THA,2021,3.04362
1455,Turkey,TUR,1996,0.0
1456,Turkey,TUR,1997,0.0
1457,Turkey,TUR,1998,0.0
1458,Turkey,TUR,1999,0.0
1459,Turkey,TUR,2000,0.0001
1460,Turkey,TUR,2001,0.0003
1461,Turkey,TUR,2002,0.0006
1462,Turkey,TUR,2003,0.001
1463,Turkey,TUR,2004,0.0015
1464,Turkey,TUR,2005,0.002
1465,Turkey,TUR,2006,0.0025
1466,Turkey,TUR,2007,0.003
1467,Turkey,TUR,2008,0.0037
1468,Turkey,TUR,2009,0.0047
1469,Turkey,TUR,2010,0.0057
1470,Turkey,TUR,2011,0.0067
1471,Turkey,TUR,2012,0.0117
1472,Turkey,TUR,2013,0.0177
1473,Turkey,TUR,2014,0.04
1474,Turkey,TUR,2015,0.249
1475,Turkey,TUR,2016,0.833
1476,Turkey,TUR,2017,3.4207
1477,Turkey,TUR,2018,5.062608
1478,Turkey,TUR,2019,5.995155
1479,Turkey,TUR,2020,6.667355
1480,Turkey,TUR,2021,7.815555000000001
1481,Ukraine,UKR,1996,0.0
1482,Ukraine,UKR,1997,0.0
1483,Ukraine,UKR,1998,0.0
1484,Ukraine,UKR,1999,0.0
1485,Ukraine,UKR,2000,0.0
1486,Ukraine,UKR,2001,0.0
1487,Ukraine,UKR,2002,0.0
1488,Ukraine,UKR,2003,0.0
1489,Ukraine,UKR,2004,0.0
1490,Ukraine,UKR,2005,0.0
1491,Ukraine,UKR,2006,0.0
1492,Ukraine,UKR,2007,0.0
1493,Ukraine,UKR,2008,0.0
1494,Ukraine,UKR,2009,0.0
1495,Ukraine,UKR,2010,0.0025
1496,Ukraine,UKR,2011,0.1882
1497,Ukraine,UKR,2012,0.3716
1498,Ukraine,UKR,2013,0.7484
1499,Ukraine,UKR,2014,0.8191
1500,Ukraine,UKR,2015,0.8412000000000001
1501,Ukraine,UKR,2016,0.9547
1502,Ukraine,UKR,2017,1.2
1503,Ukraine,UKR,2018,2.002688
1504,Ukraine,UKR,2019,5.935688
1505,Ukraine,UKR,2020,7.331
1506,Ukraine,UKR,2021,8.062
1507,United Arab Emirates,ARE,1996,0.0
1508,United Arab Emirates,ARE,1997,0.0
1509,United Arab Emirates,ARE,1998,0.0
1510,United Arab Emirates,ARE,1999,0.0
1511,United Arab Emirates,ARE,2000,0.0
1512,United Arab Emirates,ARE,2001,0.0
1513,United Arab Emirates,ARE,2002,0.0
1514,United Arab Emirates,ARE,2003,0.0
1515,United Arab Emirates,ARE,2004,0.0
1516,United Arab Emirates,ARE,2005,0.0
1517,United Arab Emirates,ARE,2006,0.0
1518,United Arab Emirates,ARE,2007,0.0
1519,United Arab Emirates,ARE,2008,0.0
1520,United Arab Emirates,ARE,2009,0.010076
1521,United Arab Emirates,ARE,2010,0.010826
1522,United Arab Emirates,ARE,2011,0.012751
1523,United Arab Emirates,ARE,2012,0.0132059999999999
1524,United Arab Emirates,ARE,2013,0.025802
1525,United Arab Emirates,ARE,2014,0.033171
1526,United Arab Emirates,ARE,2015,0.033406
1527,United Arab Emirates,ARE,2016,0.040406
1528,United Arab Emirates,ARE,2017,0.255036
1529,United Arab Emirates,ARE,2018,0.498305
1530,United Arab Emirates,ARE,2019,1.81787
1531,United Arab Emirates,ARE,2020,2.205397
1532,United Arab Emirates,ARE,2021,2.605047
1533,United Kingdom,GBR,1996,0.0002
1534,United Kingdom,GBR,1997,0.0004
1535,United Kingdom,GBR,1998,0.0005
1536,United Kingdom,GBR,1999,0.0009
1537,United Kingdom,GBR,2000,0.002
1538,United Kingdom,GBR,2001,0.003
1539,United Kingdom,GBR,2002,0.004
1540,United Kingdom,GBR,2003,0.006
1541,United Kingdom,GBR,2004,0.008
1542,United Kingdom,GBR,2005,0.011
1543,United Kingdom,GBR,2006,0.014
1544,United Kingdom,GBR,2007,0.018
1545,United Kingdom,GBR,2008,0.023
1546,United Kingdom,GBR,2009,0.027
1547,United Kingdom,GBR,2010,0.095
1548,United Kingdom,GBR,2011,1.0
1549,United Kingdom,GBR,2012,1.753
1550,United Kingdom,GBR,2013,2.9370000000000003
1551,United Kingdom,GBR,2014,5.5280000000000005
1552,United Kingdom,GBR,2015,9.601219
1553,United Kingdom,GBR,2016,11.914
1554,United Kingdom,GBR,2017,12.76
1555,United Kingdom,GBR,2018,13.073
1556,United Kingdom,GBR,2019,13.346
1557,United Kingdom,GBR,2020,13.46248
1558,United Kingdom,GBR,2021,13.689
1559,United States,USA,1996,0.0139
1560,United States,USA,1997,0.0146
1561,United States,USA,1998,0.0152
1562,United States,USA,1999,0.0166
1563,United States,USA,2000,0.176
1564,United States,USA,2001,0.213
1565,United States,USA,2002,0.255
1566,United States,USA,2003,0.293
1567,United States,USA,2004,0.363
1568,United States,USA,2005,0.493
1569,United States,USA,2006,0.6980000000000001
1570,United States,USA,2007,0.974
1571,United States,USA,2008,1.153
1572,United States,USA,2009,1.614
1573,United States,USA,2010,2.9090000000000003
1574,United States,USA,2011,5.172
1575,United States,USA,2012,8.137
1576,United States,USA,2013,11.759
1577,United States,USA,2014,15.984
1578,United States,USA,2015,21.684
1579,United States,USA,2016,32.958
1580,United States,USA,2017,41.357
1581,United States,USA,2018,49.812
1582,United States,USA,2019,59.068
1583,United States,USA,2020,73.8137
1584,United States,USA,2021,93.713016
1585,Upper-middle-income countries,,1996,0.011
1586,Upper-middle-income countries,,1997,0.0155
1587,Upper-middle-income countries,,1998,0.021
1588,Upper-middle-income countries,,1999,0.029
1589,Upper-middle-income countries,,2000,0.047655003
1590,Upper-middle-income countries,,2001,0.053397
1591,Upper-middle-income countries,,2002,0.073207
1592,Upper-middle-income countries,,2003,0.084356995
1593,Upper-middle-income countries,,2004,0.094859
1594,Upper-middle-income countries,,2005,0.159959
1595,Upper-middle-income countries,,2006,0.209869
1596,Upper-middle-income countries,,2007,0.254489
1597,Upper-middle-income countries,,2008,0.309595
1598,Upper-middle-income countries,,2009,0.48509497
1599,Upper-middle-income countries,,2010,1.134408
1600,Upper-middle-income countries,,2011,3.4042173
1601,Upper-middle-income countries,,2012,8.288913
1602,Upper-middle-income countries,,2013,20.901484
1603,Upper-middle-income countries,,2014,33.521773
1604,Upper-middle-income countries,,2015,49.487402
1605,Upper-middle-income countries,,2016,86.91714
1606,Upper-middle-income countries,,2017,145.83273000000003
1607,Upper-middle-income countries,,2018,196.80761
1608,Upper-middle-income countries,,2019,233.24031
1609,Upper-middle-income countries,,2020,289.18834000000004
1610,Upper-middle-income countries,,2021,351.68762
1611,Vietnam,VNM,2000,2e-06
1612,Vietnam,VNM,2001,0.000108
1613,Vietnam,VNM,2002,0.000236
1614,Vietnam,VNM,2003,0.000406
1615,Vietnam,VNM,2004,0.000747
1616,Vietnam,VNM,2005,0.001885
1617,Vietnam,VNM,2006,0.003424
1618,Vietnam,VNM,2007,0.003424
1619,Vietnam,VNM,2008,0.003424
1620,Vietnam,VNM,2009,0.003515
1621,Vietnam,VNM,2010,0.004518
1622,Vietnam,VNM,2011,0.004518
1623,Vietnam,VNM,2012,0.004518
1624,Vietnam,VNM,2013,0.004518
1625,Vietnam,VNM,2014,0.00529
1626,Vietnam,VNM,2015,0.00529
1627,Vietnam,VNM,2016,0.00529
1628,Vietnam,VNM,2017,0.007992
1629,Vietnam,VNM,2018,0.104992
1630,Vietnam,VNM,2019,4.99349
1631,Vietnam,VNM,2020,16.660490000000003
1632,Vietnam,VNM,2021,16.660490000000003
1633,World,OWID_WRL,1996,0.17181242
1634,World,OWID_WRL,1997,0.23173727
1635,World,OWID_WRL,1998,0.30496213
1636,World,OWID_WRL,1999,0.4235994
1637,World,OWID_WRL,2000,0.808669
1638,World,OWID_WRL,2001,1.0929860000000002
1639,World,OWID_WRL,2002,1.437059
1640,World,OWID_WRL,2003,1.96503
1641,World,OWID_WRL,2004,3.051979
1642,World,OWID_WRL,2005,4.548119
1643,World,OWID_WRL,2006,6.093193
1644,World,OWID_WRL,2007,8.506466
1645,World,OWID_WRL,2008,14.729541
1646,World,OWID_WRL,2009,22.844467
1647,World,OWID_WRL,2010,40.33781
1648,World,OWID_WRL,2011,72.21597
1649,World,OWID_WRL,2012,101.74533
1650,World,OWID_WRL,2013,137.22697
1651,World,OWID_WRL,2014,175.61717000000002
1652,World,OWID_WRL,2015,223.2036
1653,World,OWID_WRL,2016,295.2289
1654,World,OWID_WRL,2017,390.20653
1655,World,OWID_WRL,2018,483.0118
1656,World,OWID_WRL,2019,584.6857
1657,World,OWID_WRL,2020,710.2811
1658,World,OWID_WRL,2021,843.0860600000001
